-- MySQL dump 10.13  Distrib 8.0.36, for Win64 (x86_64)
--
-- Host: localhost    Database: cargonautica
-- ------------------------------------------------------
-- Server version	8.0.36

/*!40101 SET @OLD_CHARACTER_SET_CLIENT=@@CHARACTER_SET_CLIENT */;
/*!40101 SET @OLD_CHARACTER_SET_RESULTS=@@CHARACTER_SET_RESULTS */;
/*!40101 SET @OLD_COLLATION_CONNECTION=@@COLLATION_CONNECTION */;
/*!50503 SET NAMES utf8 */;
/*!40103 SET @OLD_TIME_ZONE=@@TIME_ZONE */;
/*!40103 SET TIME_ZONE='+00:00' */;
/*!40014 SET @OLD_UNIQUE_CHECKS=@@UNIQUE_CHECKS, UNIQUE_CHECKS=0 */;
/*!40014 SET @OLD_FOREIGN_KEY_CHECKS=@@FOREIGN_KEY_CHECKS, FOREIGN_KEY_CHECKS=0 */;
/*!40101 SET @OLD_SQL_MODE=@@SQL_MODE, SQL_MODE='NO_AUTO_VALUE_ON_ZERO' */;
/*!40111 SET @OLD_SQL_NOTES=@@SQL_NOTES, SQL_NOTES=0 */;

--
-- Table structure for table `birthplace`
--

DROP TABLE IF EXISTS `birthplace`;
/*!40101 SET @saved_cs_client     = @@character_set_client */;
/*!50503 SET character_set_client = utf8mb4 */;
CREATE TABLE `birthplace` (
  `bpl_id` int NOT NULL AUTO_INCREMENT,
  `bpl_city` varchar(145) DEFAULT NULL,
  `bpl_country` varchar(145) DEFAULT NULL,
  PRIMARY KEY (`bpl_id`)
) ENGINE=InnoDB AUTO_INCREMENT=1001 DEFAULT CHARSET=utf8mb3;
/*!40101 SET character_set_client = @saved_cs_client */;

--
-- Dumping data for table `birthplace`
--

LOCK TABLES `birthplace` WRITE;
/*!40000 ALTER TABLE `birthplace` DISABLE KEYS */;
INSERT INTO `birthplace` VALUES (1,'Koímisi','Greece'),(2,'Afántou','Greece'),(3,'Vidin','Bulgaria'),(4,'Kanáli','Greece'),(5,'Néa Ionía','Greece'),(6,'Yimnón','Greece'),(7,'Evxinoúpolis','Greece'),(8,'Zlataritsa','Bulgaria'),(9,'Khoronk’','Armenia'),(10,'Grekan','Albania'),(11,'Tríkala','Greece'),(12,'Diónysos','Greece'),(13,'Goúrnes','Greece'),(14,'Loznitsa','Bulgaria'),(15,'Mesopotam','Albania'),(16,'Pásion','Greece'),(17,'Kapan','Armenia'),(18,'Dobrich','Bulgaria'),(19,'Kyparissía','Greece'),(20,'Moglicë','Albania'),(21,'Xhafzotaj','Albania'),(22,'Irákleion','Greece'),(23,'Vratsa','Bulgaria'),(24,'Burgkirchen','Austria'),(25,'Aygestan','Armenia'),(26,'Tvŭrditsa','Bulgaria'),(27,'Zall-Herr','Albania'),(28,'Kalá Déndra','Greece'),(29,'Elefsína','Greece'),(30,'Khasht’arrak','Armenia'),(31,'Poshnje','Albania'),(32,'Profítis Ilías','Greece'),(33,'Aíyira','Greece'),(34,'Vërtop','Albania'),(35,'Tsákoi','Greece'),(36,'Gabrovo','Bulgaria'),(37,'Cerava','Albania'),(38,'Grekan','Albania'),(39,'Kalí Vrýsi','Greece'),(40,'Próchoma','Greece'),(41,'Stalís','Greece'),(42,'Souflí','Greece'),(43,'Kouvarás','Greece'),(44,'Berkovitsa','Bulgaria'),(45,'Lávara','Greece'),(46,'Kotel','Bulgaria'),(47,'Zavet','Bulgaria'),(48,'Lianokládhion','Greece'),(49,'Krahës','Albania'),(50,'Simitli','Bulgaria'),(51,'Palaífyto','Greece'),(52,'Oropós','Greece'),(53,'Kanália','Greece'),(54,'Sukth','Albania'),(55,'Plagiári','Greece'),(56,'Sarandë','Albania'),(57,'Skalánion','Greece'),(58,'Irákleion','Greece'),(59,'Mégara','Greece'),(60,'Áno Liósia','Greece'),(61,'Koutsopódi','Greece'),(62,'Parravak’ar','Armenia'),(63,'Néos Mylótopos','Greece'),(64,'Karítsa','Greece'),(65,'Kyparissía','Greece'),(66,'Neos Voutzás','Greece'),(67,'Ymittos','Greece'),(68,'Mouzáki','Greece'),(69,'Rodópoli','Greece'),(70,'Dimitrov','Armenia'),(71,'Karanlukh','Armenia'),(72,'Stýpsi','Greece'),(73,'Debelets','Bulgaria'),(74,'Ushi','Armenia'),(75,'Tríkala','Greece'),(76,'Alexandroúpoli','Greece'),(77,'Rizokárpaso','Cyprus'),(78,'Krousón','Greece'),(79,'Getazat','Armenia'),(80,'Zákynthos','Greece'),(81,'Elassóna','Greece'),(82,'Cerava','Albania'),(83,'Nicosia','Cyprus'),(84,'Abovyan','Armenia'),(85,'Krokeaí','Greece'),(86,'Guri i Zi','Albania'),(87,'Kouloúra','Greece'),(88,'Vónitsa','Greece'),(89,'Veliko Tŭrnovo','Bulgaria'),(90,'Fotolívos','Greece'),(91,'Armen','Albania'),(92,'Vrachnaíika','Greece'),(93,'Kalpáki','Greece'),(94,'Néa Ionía','Greece'),(95,'Ágio Pnévma','Greece'),(96,'Pásion','Greece'),(97,'Korçë','Albania'),(98,'Kyperoúnta','Cyprus'),(99,'Karítsa','Greece'),(100,'Néa Smýrni','Greece'),(101,'Vári','Greece'),(102,'Skore','Albania'),(103,'Borovo','Bulgaria'),(104,'Artsvanist','Armenia'),(105,'Përmet','Albania'),(106,'Pérama','Greece'),(107,'Pégeia','Cyprus'),(108,'Vónitsa','Greece'),(109,'Eloúnda','Greece'),(110,'Rizokárpaso','Cyprus'),(111,'Páno Polemídia','Cyprus'),(112,'Dupnitsa','Bulgaria'),(113,'Kampánis','Greece'),(114,'Astghadzor','Armenia'),(115,'Rodolívos','Greece'),(116,'Kárystos','Greece'),(117,'Pérama','Greece'),(118,'Frederiksberg','Denmark'),(119,'Famagusta','Cyprus'),(120,'Sarandë','Albania'),(121,'Aryiropoúlion','Greece'),(122,'Vári','Greece'),(123,'Kilifarevo','Bulgaria'),(124,'Kolindrós','Greece'),(125,'Kítsi','Greece'),(126,'Blagoevgrad','Bulgaria'),(127,'Kardamás','Greece'),(128,'Áno Merá','Greece'),(129,'Pélla','Greece'),(130,'Chelopech','Bulgaria'),(131,'Amberd','Armenia'),(132,'Ágios Pétros','Greece'),(133,'Néa Róda','Greece'),(134,'Gjirokastër','Albania'),(135,'Aheloy','Bulgaria'),(136,'Sápes','Greece'),(137,'Altenberg bei Linz','Austria'),(138,'Itéa','Greece'),(139,'Loutráki','Greece'),(140,'Pentéli','Greece'),(141,'Qukës-Skënderbe','Albania'),(142,'Kurjan','Albania'),(143,'Omurtag','Bulgaria'),(144,'Magoúla','Greece'),(145,'København','Denmark'),(146,'Panórama','Greece'),(147,'Mesiméri','Greece'),(148,'Pelasgía','Greece'),(149,'Emporeío','Greece'),(150,'Dhali','Cyprus'),(151,'Xibër-Murrizë','Albania'),(152,'Agriá','Greece'),(153,'Vranisht','Albania'),(154,'Palaiochóri','Greece'),(155,'Fratar','Albania'),(156,'Lyaskovets','Bulgaria'),(157,'Orikum','Albania'),(158,'Kolympári','Greece'),(159,'Eláteia','Greece'),(160,'Klagenfurt am Wörthersee','Austria'),(161,'Selianítika','Greece'),(162,'Aghavnadzor','Armenia'),(163,'Kaparéllion','Greece'),(164,'Mollas','Albania'),(165,'Yambol','Bulgaria'),(166,'Áyios Vasílios','Greece'),(167,'Kukur','Albania'),(168,'Gyumri','Armenia'),(169,'København','Denmark'),(170,'Pelópion','Greece'),(171,'Nor Gyugh','Armenia'),(172,'Neochóri','Greece'),(173,'Labinot-Mal','Albania'),(174,'Kashar','Albania'),(175,'Leonídio','Greece'),(176,'Helmas','Albania'),(177,'Khisarya','Bulgaria'),(178,'Kalávryta','Greece'),(179,'Smínthi','Greece'),(180,'Trŭn','Bulgaria'),(181,'Aghavnatun','Armenia'),(182,'Palaífyto','Greece'),(183,'Kolympári','Greece'),(184,'Aytos','Bulgaria'),(185,'Archángelos','Greece'),(186,'Lesichevo','Bulgaria'),(187,'Svilengrad','Bulgaria'),(188,'Dhromolaxia','Cyprus'),(189,'Kímolos','Greece'),(190,'Aygeshat','Armenia'),(191,'Korisós','Greece'),(192,'Protaras','Cyprus'),(193,'Hoçisht','Albania'),(194,'Rukaj','Albania'),(195,'Vanadzor','Armenia'),(196,'Krujë','Albania'),(197,'Kavásilas','Greece'),(198,'Léfka','Cyprus'),(199,'Lekaj','Albania'),(200,'Tsákoi','Greece'),(201,'Kokkónion','Greece'),(202,'Selianítika','Greece'),(203,'Voskopojë','Albania'),(204,'Byala','Bulgaria'),(205,'Ararat','Armenia'),(206,'Aygepat','Armenia'),(207,'Bajram Curri','Albania'),(208,'Saramech','Armenia'),(209,'Koilás','Greece'),(210,'Isperikh','Bulgaria'),(211,'Xinó Neró','Greece'),(212,'Berat','Albania'),(213,'Novoselë','Albania'),(214,'København','Denmark'),(215,'Marmárion','Greece'),(216,'Aráchova','Greece'),(217,'Nicosia','Cyprus'),(218,'Geghanist','Armenia'),(219,'Lyaskovets','Bulgaria'),(220,'Áno Kopanákion','Greece'),(221,'Kéfalos','Greece'),(222,'Lezhë','Albania'),(223,'Ayía Triás','Greece'),(224,'Kavarna','Bulgaria'),(225,'Pelasgía','Greece'),(226,'Argalastí','Greece'),(227,'Shkodër','Albania'),(228,'Ierápetra','Greece'),(229,'Naxos','Greece'),(230,'Stamáta','Greece'),(231,'Pórto Chéli','Greece'),(232,'Selianítika','Greece'),(233,'Mikró Monastíri','Greece'),(234,'Bartsrashen','Armenia'),(235,'København','Denmark'),(236,'Thymianá','Greece'),(237,'Neochórion','Greece'),(238,'Kyparissía','Greece'),(239,'København','Denmark'),(240,'Methóni','Greece'),(241,'Nor Yerznka','Armenia'),(242,'Néa Manolás','Greece'),(243,'Krahës','Albania'),(244,'Léchovo','Greece'),(245,'Loznitsa','Bulgaria'),(246,'Buzhakan','Armenia'),(247,'Devin','Bulgaria'),(248,'Kanáli','Greece'),(249,'Ágios Pétros','Greece'),(250,'Péfki','Greece'),(251,'Diavatós','Greece'),(252,'Stírion','Greece'),(253,'Voskopojë','Albania'),(254,'Levski','Bulgaria'),(255,'Mŭglizh','Bulgaria'),(256,'Aygek','Armenia'),(257,'Kolç','Albania'),(258,'Agía Paraskeví','Greece'),(259,'Erími','Cyprus'),(260,'Bagratashen','Armenia'),(261,'Pleven','Bulgaria'),(262,'Veliko Tŭrnovo','Bulgaria'),(263,'Tsaghkunk’','Armenia'),(264,'Kýria','Greece'),(265,'Lushnjë','Albania'),(266,'Lefkímmi','Greece'),(267,'Rrasa e Sipërme','Albania'),(268,'Hoktember','Armenia'),(269,'Horrom','Armenia'),(270,'Vári','Greece'),(271,'København','Denmark'),(272,'Margara','Armenia'),(273,'Shupenzë','Albania'),(274,'Tsaghkadzor','Armenia'),(275,'Velingrad','Bulgaria'),(276,'Skópelos','Greece'),(277,'Troyan','Bulgaria'),(278,'Varser','Armenia'),(279,'Trŭn','Bulgaria'),(280,'Sukth','Albania'),(281,'Tríkala','Greece'),(282,'Mikró Monastíri','Greece'),(283,'Tandzut','Armenia'),(284,'Acharnés','Greece'),(285,'Arras','Albania'),(286,'Maralik','Armenia'),(287,'Skënderbegas','Albania'),(288,'Tunjë','Albania'),(289,'Kozloduy','Bulgaria'),(290,'Xhafzotaj','Albania'),(291,'Stylída','Greece'),(292,'København','Denmark'),(293,'Tsaghkahovit','Armenia'),(294,'Leonárisso','Cyprus'),(295,'Melíti','Greece'),(296,'Chóra','Greece'),(297,'Skópelos','Greece'),(298,'Sykiés','Greece'),(299,'Kos','Greece'),(300,'Akaki','Cyprus'),(301,'Thessaloníki','Greece'),(302,'Argel','Armenia'),(303,'Noramarg','Armenia'),(304,'Ddmashen','Armenia'),(305,'Kimméria','Greece'),(306,'Eleftheroúpolis','Greece'),(307,'København','Denmark'),(308,'Fier','Albania'),(309,'Sovetakan','Armenia'),(310,'Mollas','Albania'),(311,'Medovene','Bulgaria'),(312,'Rrasa e Sipërme','Albania'),(313,'Bagratashen','Armenia'),(314,'Vetrino','Bulgaria'),(315,'Kíti','Cyprus'),(316,'Goúrnes','Greece'),(317,'Çepan','Albania'),(318,'Diónysos','Greece'),(319,'Argithéa','Greece'),(320,'Karnobat','Bulgaria'),(321,'Sidirókastro','Greece'),(322,'Areni','Armenia'),(323,'Kissónerga','Cyprus'),(324,'Lakkíon','Greece'),(325,'Makrýgialos','Greece'),(326,'Mesógi','Cyprus'),(327,'Yerazgavors','Armenia'),(328,'Artsvaberd','Armenia'),(329,'Mamurras','Albania'),(330,'Spitak','Armenia'),(331,'Graz','Austria'),(332,'Igoumenítsa','Greece'),(333,'Burgas','Bulgaria'),(334,'Asprángeloi','Greece'),(335,'Asopía','Greece'),(336,'Vágia','Greece'),(337,'Tunjë','Albania'),(338,'Kalpáki','Greece'),(339,'Straldzha','Bulgaria'),(340,'Kavarna','Bulgaria'),(341,'Kastrat','Albania'),(342,'Frederiksberg','Denmark'),(343,'Burrel','Albania'),(344,'Plátanos','Greece'),(345,'Erátyra','Greece'),(346,'Erími','Cyprus'),(347,'Sankt Lorenzen im Mürztal','Austria'),(348,'Ishëm','Albania'),(349,'Guri i Zi','Albania'),(350,'Zográfos','Greece'),(351,'Kamaris','Armenia'),(352,'Spitak','Armenia'),(353,'Zall-Herr','Albania'),(354,'Frederiksberg','Denmark'),(355,'Gyumri','Armenia'),(356,'Fílla','Greece'),(357,'Lianokládhion','Greece'),(358,'Episkopí','Greece'),(359,'København','Denmark'),(360,'Frederiksberg','Denmark'),(361,'Haghartsin','Armenia'),(362,'St. Anton an der Jeßnitz','Austria'),(363,'Pátmos','Greece'),(364,'Erétria','Greece'),(365,'Kyprínos','Greece'),(366,'Néos Oropós','Greece'),(367,'Ágios Vasíleios','Greece'),(368,'Balgarevo','Bulgaria'),(369,'Myasnikyan','Armenia'),(370,'Grammatikó','Greece'),(371,'Veliko Tŭrnovo','Bulgaria'),(372,'Chernomorets','Bulgaria'),(373,'Opaka','Bulgaria'),(374,'St. Anton an der Jeßnitz','Austria'),(375,'Akhtopol','Bulgaria'),(376,'Asprángeloi','Greece'),(377,'Páchni','Greece'),(378,'Lárdos','Greece'),(379,'Fteliá','Greece'),(380,'Buzhakan','Armenia'),(381,'Dimovo','Bulgaria'),(382,'Korçë','Albania'),(383,'Ávato','Greece'),(384,'København','Denmark'),(385,'Spitak','Armenia'),(386,'Pélla','Greece'),(387,'Kukur','Albania'),(388,'Elbasan','Albania'),(389,'Divjakë','Albania'),(390,'Sérifos','Greece'),(391,'Maliq','Albania'),(392,'Kýria','Greece'),(393,'Yimnón','Greece'),(394,'Lesichevo','Bulgaria'),(395,'Dvin','Armenia'),(396,'Kotayk’','Armenia'),(397,'Vári','Greece'),(398,'Devnya','Bulgaria'),(399,'Zapod','Albania'),(400,'Sitovo','Bulgaria'),(401,'Íasmos','Greece'),(402,'Kyprínos','Greece'),(403,'Suvorovo','Bulgaria'),(404,'Galatás','Greece'),(405,'Krutja e Poshtme','Albania'),(406,'Metsamor','Armenia'),(407,'Allkaj','Albania'),(408,'Skála Oropoú','Greece'),(409,'Ergates','Cyprus'),(410,'Samothráki','Greece'),(411,'Filiátes','Greece'),(412,'Pelópion','Greece'),(413,'Akhtopol','Bulgaria'),(414,'Símantra','Greece'),(415,'Shipka','Bulgaria'),(416,'Kolindrós','Greece'),(417,'Novo Selo','Bulgaria'),(418,'Agkathiá','Greece'),(419,'Gostimë','Albania'),(420,'Anthoúsa','Greece'),(421,'Néos Skopós','Greece'),(422,'Stefanavíkion','Greece'),(423,'Doghs','Armenia'),(424,'Grudë-Fushë','Albania'),(425,'Musalerr','Armenia'),(426,'Psachná','Greece'),(427,'Krujë','Albania'),(428,'Melíti','Greece'),(429,'Bratsigovo','Bulgaria'),(430,'Traganón','Greece'),(431,'Amberd','Armenia'),(432,'Karbunara e Vogël','Albania'),(433,'Primorsko','Bulgaria'),(434,'Néa Plágia','Greece'),(435,'Aráchova','Greece'),(436,'Kalí Vrýsi','Greece'),(437,'Rodotópi','Greece'),(438,'Néa Róda','Greece'),(439,'Eloúnda','Greece'),(440,'Níkiti','Greece'),(441,'Bulqizë','Albania'),(442,'Néa Smýrni','Greece'),(443,'Leonídio','Greece'),(444,'Terpsithéa','Greece'),(445,'Katoúna','Greece'),(446,'Tsiatsan','Armenia'),(447,'Bolyarovo','Bulgaria'),(448,'Blerim','Albania'),(449,'Gyumri','Armenia'),(450,'Sísion','Greece'),(451,'Norashen','Armenia'),(452,'Blerim','Albania'),(453,'Pérama','Greece'),(454,'Vólos','Greece'),(455,'Áthyra','Greece'),(456,'Orikum','Albania'),(457,'Vokhaïkó','Greece'),(458,'Frashër','Albania'),(459,'Goris','Armenia'),(460,'Káto Nevrokópi','Greece'),(461,'Níkaia','Greece'),(462,'Skópelos','Greece'),(463,'Kalpáki','Greece'),(464,'København','Denmark'),(465,'Khoronk’','Armenia'),(466,'København','Denmark'),(467,'Aygavan','Armenia'),(468,'Frederiksberg','Denmark'),(469,'Sámi','Greece'),(470,'Meghrashen','Armenia'),(471,'Kilifarevo','Bulgaria'),(472,'Ouranoupolis','Greece'),(473,'Kiten','Bulgaria'),(474,'Kavásilas','Greece'),(475,'Skënderbegas','Albania'),(476,'Mirsíni','Greece'),(477,'Ambelón','Greece'),(478,'Debelets','Bulgaria'),(479,'Sérifos','Greece'),(480,'Pishaj','Albania'),(481,'Kalpáki','Greece'),(482,'Nisí','Greece'),(483,'Koilás','Greece'),(484,'Hats’avan','Armenia'),(485,'København','Denmark'),(486,'Surenavan','Armenia'),(487,'Pérama','Greece'),(488,'Xylókastro','Greece'),(489,'Amberd','Armenia'),(490,'Rizokárpaso','Cyprus'),(491,'Primorsko','Bulgaria'),(492,'Portëz','Albania'),(493,'Tríkala','Greece'),(494,'Dístomo','Greece'),(495,'Aghavnadzor','Armenia'),(496,'Makrochóri','Greece'),(497,'Mayakovski','Armenia'),(498,'Aygezard','Armenia'),(499,'Vanadzor','Armenia'),(500,'Evxinoúpolis','Greece'),(501,'Kallithéa','Greece'),(502,'Frederiksberg','Denmark'),(503,'Armash','Armenia'),(504,'Hrazdan','Armenia'),(505,'Abovyan','Armenia'),(506,'Lárdos','Greece'),(507,'Anthoúsa','Greece'),(508,'Belsh','Albania'),(509,'Ýpsonas','Cyprus'),(510,'Chavárion','Greece'),(511,'Mikró Monastíri','Greece'),(512,'Áno Liósia','Greece'),(513,'Kými','Greece'),(514,'Shënmëri','Albania'),(515,'Pentéli','Greece'),(516,'Kastrat','Albania'),(517,'Léchovo','Greece'),(518,'Yimnón','Greece'),(519,'Kavajë','Albania'),(520,'Eloúnda','Greece'),(521,'Barmash','Albania'),(522,'København','Denmark'),(523,'Gradishtë','Albania'),(524,'København','Denmark'),(525,'Eláteia','Greece'),(526,'Rila','Bulgaria'),(527,'Velestíno','Greece'),(528,'Dvin','Armenia'),(529,'Pýli','Greece'),(530,'Perivólia','Cyprus'),(531,'Nizami','Armenia'),(532,'Marathókampos','Greece'),(533,'Néa Manolás','Greece'),(534,'Loukísia','Greece'),(535,'København','Denmark'),(536,'Marmashen','Armenia'),(537,'Dërmënas','Albania'),(538,'Artesianón','Greece'),(539,'Metsavan','Armenia'),(540,'Peristerá','Greece'),(541,'Áno Liósia','Greece'),(542,'Kashar','Albania'),(543,'Kokaj','Albania'),(544,'Mŭglizh','Bulgaria'),(545,'København','Denmark'),(546,'Svorónos','Greece'),(547,'Ýdra','Greece'),(548,'Chalandrítsa','Greece'),(549,'Tunjë','Albania'),(550,'Amfíkleia','Greece'),(551,'Durrës','Albania'),(552,'Klos','Albania'),(553,'Shirgjan','Albania'),(554,'Plátanos','Greece'),(555,'Palaió Fáliro','Greece'),(556,'Nesebar','Bulgaria'),(557,'Livádion','Greece'),(558,'Lukashin','Armenia'),(559,'Ardino','Bulgaria'),(560,'Magoúla','Greece'),(561,'Vlycháda','Greece'),(562,'Larnaca','Cyprus'),(563,'Lis','Albania'),(564,'Vrakháti','Greece'),(565,'Portariá','Greece'),(566,'Lávara','Greece'),(567,'Filótion','Greece'),(568,'Dimitrovgrad','Bulgaria'),(569,'Sotíra','Cyprus'),(570,'Pleven','Bulgaria'),(571,'Alíartos','Greece'),(572,'Gjirokastër','Albania'),(573,'Mýrina','Greece'),(574,'Agriá','Greece'),(575,'Periyiáli','Greece'),(576,'Pappadátes','Greece'),(577,'Néa Pélla','Greece'),(578,'Argalastí','Greece'),(579,'Fratar','Albania'),(580,'Vágia','Greece'),(581,'Dalar','Armenia'),(582,'København','Denmark'),(583,'Korisós','Greece'),(584,'Klirou','Cyprus'),(585,'Mrgavan','Armenia'),(586,'Skore','Albania'),(587,'Shupenzë','Albania'),(588,'Dístomo','Greece'),(589,'Rila','Bulgaria'),(590,'Chrysó','Greece'),(591,'Deskáti','Greece'),(592,'Empório','Greece'),(593,'Skore','Albania'),(594,'Asprángeloi','Greece'),(595,'Níkaia','Greece'),(596,'Mólos','Greece'),(597,'Mykonos','Greece'),(598,'Arrap’i','Armenia'),(599,'Ballsh','Albania'),(600,'Kallithéa','Greece'),(601,'Ujmisht','Albania'),(602,'Antíparos','Greece'),(603,'Burrel','Albania'),(604,'Kallithéa','Greece'),(605,'Krutja e Poshtme','Albania'),(606,'Pemzashen','Armenia'),(607,'Ágios Andréas','Greece'),(608,'Xilópolis','Greece'),(609,'Kallífytos','Greece'),(610,'Patos Fshat','Albania'),(611,'Néa Ankhíalos','Greece'),(612,'Néa Pélla','Greece'),(613,'Dulovo','Bulgaria'),(614,'København','Denmark'),(615,'Ouranoupolis','Greece'),(616,'Frederiksberg','Denmark'),(617,'Asprángeloi','Greece'),(618,'Frakulla e Madhe','Albania'),(619,'Malesína','Greece'),(620,'Kajan','Albania'),(621,'Pukë','Albania'),(622,'Karátoulas','Greece'),(623,'Berkovitsa','Bulgaria'),(624,'Grammatikó','Greece'),(625,'Sidirókastro','Greece'),(626,'Pleven','Bulgaria'),(627,'Klagenfurt am Wörthersee','Austria'),(628,'Zákynthos','Greece'),(629,'Vayk’','Armenia'),(630,'Burgkirchen','Austria'),(631,'Ishëm','Albania'),(632,'Tílisos','Greece'),(633,'Kyparissía','Greece'),(634,'Varnávas','Greece'),(635,'Rizó','Greece'),(636,'Néa Flogitá','Greece'),(637,'Kaynardzha','Bulgaria'),(638,'Sevlievo','Bulgaria'),(639,'Nizami','Armenia'),(640,'København','Denmark'),(641,'Frederiksberg','Denmark'),(642,'Prómachoi','Greece'),(643,'Fier','Albania'),(644,'Kéfalos','Greece'),(645,'Dulovo','Bulgaria'),(646,'Palaífyto','Greece'),(647,'Kallithéa','Greece'),(648,'Noramarg','Armenia'),(649,'Frederiksberg','Denmark'),(650,'Mamurras','Albania'),(651,'Chaniá','Greece'),(652,'Primorsko','Bulgaria'),(653,'København','Denmark'),(654,'Aksakovo','Bulgaria'),(655,'Kavýli','Greece'),(656,'Koutsopódi','Greece'),(657,'København','Denmark'),(658,'Spétses','Greece'),(659,'Norabats’','Armenia'),(660,'København','Denmark'),(661,'Oropós','Greece'),(662,'Fier-Çifçi','Albania'),(663,'Hrazdan','Armenia'),(664,'Arshaluys','Armenia'),(665,'København','Denmark'),(666,'Polýkastro','Greece'),(667,'Wien','Austria'),(668,'København','Denmark'),(669,'Stamboliyski','Bulgaria'),(670,'Blagoevgrad','Bulgaria'),(671,'Norashen','Armenia'),(672,'Examília','Greece'),(673,'Kynopiástes','Greece'),(674,'Vokhaïkó','Greece'),(675,'Chavdar','Bulgaria'),(676,'Lárdos','Greece'),(677,'Nikopol','Bulgaria'),(678,'Avlónas','Greece'),(679,'Dzorastan','Armenia'),(680,'Dolna Banya','Bulgaria'),(681,'Voskopojë','Albania'),(682,'Proptisht','Albania'),(683,'Suvorovo','Bulgaria'),(684,'Vrakháti','Greece'),(685,'Luftinjë','Albania'),(686,'Frakulla e Madhe','Albania'),(687,'Kokkinóchoma','Greece'),(688,'Kalýves Polygýrou','Greece'),(689,'Pátmos','Greece'),(690,'Álli Meriá','Greece'),(691,'Kukës','Albania'),(692,'Bajram Curri','Albania'),(693,'Vathýlakkos','Greece'),(694,'Lerrnanist','Armenia'),(695,'Mollas','Albania'),(696,'Dashtavan','Armenia'),(697,'Galatás','Greece'),(698,'Xhafzotaj','Albania'),(699,'Drosiá','Greece'),(700,'Néos Skopós','Greece'),(701,'Asen','Bulgaria'),(702,'Aheloy','Bulgaria'),(703,'Gyumri','Armenia'),(704,'Pentéli','Greece'),(705,'Gotse Delchev','Bulgaria'),(706,'Deskáti','Greece'),(707,'Ddmashen','Armenia'),(708,'Rizokárpaso','Cyprus'),(709,'Vukatanë','Albania'),(710,'Perístasi','Greece'),(711,'Zlatni Pyasatsi','Bulgaria'),(712,'Lárdos','Greece'),(713,'Kolsh','Albania'),(714,'Peristerona','Cyprus'),(715,'Cukalat','Albania'),(716,'Sykiés','Greece'),(717,'Spitak','Armenia'),(718,'Néa Karyá','Greece'),(719,'Gjegjan','Albania'),(720,'Koímisi','Greece'),(721,'Skënderbegas','Albania'),(722,'Goris','Armenia'),(723,'Përmet','Albania'),(724,'Aksakovo','Bulgaria'),(725,'Dhali','Cyprus'),(726,'Veliko Tŭrnovo','Bulgaria'),(727,'Kushovë','Albania'),(728,'København','Denmark'),(729,'Mesopotamía','Greece'),(730,'Kamo','Armenia'),(731,'Gotse Delchev','Bulgaria'),(732,'Kolchikón','Greece'),(733,'Chirpan','Bulgaria'),(734,'Patos Fshat','Albania'),(735,'Vardenik','Armenia'),(736,'Asíni','Greece'),(737,'Borovo','Bulgaria'),(738,'Debelets','Bulgaria'),(739,'Astghadzor','Armenia'),(740,'Dimitrov','Armenia'),(741,'Cholargós','Greece'),(742,'Mirsíni','Greece'),(743,'Ávato','Greece'),(744,'Acharnés','Greece'),(745,'Chirpan','Bulgaria'),(746,'Pyrgetós','Greece'),(747,'Aráchova','Greece'),(748,'Ruen','Bulgaria'),(749,'Néa Pélla','Greece'),(750,'Gogaran','Armenia'),(751,'Oinoússes','Greece'),(752,'Lidoríki','Greece'),(753,'Balahovit','Armenia'),(754,'Melissochóri','Greece'),(755,'Chaniá','Greece'),(756,'Kallithéa','Greece'),(757,'Buçimas','Albania'),(758,'Néa Filadélfeia','Greece'),(759,'Kavála','Greece'),(760,'Gostimë','Albania'),(761,'Samokov','Bulgaria'),(762,'Vidin','Bulgaria'),(763,'Poshnje','Albania'),(764,'Káto Glikóvrisi','Greece'),(765,'Abovyan','Armenia'),(766,'Frederiksberg','Denmark'),(767,'Néa Plágia','Greece'),(768,'Neochórion','Greece'),(769,'Kastélli','Greece'),(770,'Borino','Bulgaria'),(771,'Frederiksberg','Denmark'),(772,'København','Denmark'),(773,'Cerava','Albania'),(774,'Lianovérgi','Greece'),(775,'Áno Liósia','Greece'),(776,'Kalýves Polygýrou','Greece'),(777,'Skiáthos','Greece'),(778,'Qukës-Skënderbe','Albania'),(779,'Gorna Oryakhovitsa','Bulgaria'),(780,'Néa Palátia','Greece'),(781,'Gagarin','Armenia'),(782,'Otllak','Albania'),(783,'Gerakaroú','Greece'),(784,'Niederwaldkirchen','Austria'),(785,'Pégeia','Cyprus'),(786,'Nerk’in Getashen','Armenia'),(787,'Goris','Armenia'),(788,'Yakimovo','Bulgaria'),(789,'Pérama','Greece'),(790,'Aráchova','Greece'),(791,'Amfíkleia','Greece'),(792,'Évosmos','Greece'),(793,'Hoçisht','Albania'),(794,'Mirsíni','Greece'),(795,'Lófos','Greece'),(796,'Hats’avan','Armenia'),(797,'Aiánteio','Greece'),(798,'Kými','Greece'),(799,'Ampelákia','Greece'),(800,'Nigríta','Greece'),(801,'Klirou','Cyprus'),(802,'Aghavnadzor','Armenia'),(803,'Schäffern','Austria'),(804,'Fier','Albania'),(805,'Akhtopol','Bulgaria'),(806,'Ruen','Bulgaria'),(807,'Vithkuq','Albania'),(808,'Shirgjan','Albania'),(809,'Monastirákion','Greece'),(810,'Lianokládhion','Greece'),(811,'Agiásos','Greece'),(812,'Mosfilotí','Cyprus'),(813,'Fier','Albania'),(814,'Kímolos','Greece'),(815,'Kato Pyrgos','Cyprus'),(816,'Pérama','Greece'),(817,'Ujmisht','Albania'),(818,'Gorna Oryakhovitsa','Bulgaria'),(819,'Zárkos','Greece'),(820,'København','Denmark'),(821,'Vília','Greece'),(822,'Niederwaldkirchen','Austria'),(823,'Rodotópi','Greece'),(824,'Frederiksberg','Denmark'),(825,'Genisséa','Greece'),(826,'Arzakan','Armenia'),(827,'Cukalat','Albania'),(828,'Opaka','Bulgaria'),(829,'Opaka','Bulgaria'),(830,'Burgas','Bulgaria'),(831,'Asopós','Greece'),(832,'Émpa','Cyprus'),(833,'Dístomo','Greece'),(834,'Frederiksberg','Denmark'),(835,'Grevená','Greece'),(836,'Rizómilos','Greece'),(837,'Sitovo','Bulgaria'),(838,'Arshaluys','Armenia'),(839,'Shaghat','Armenia'),(840,'Loznitsa','Bulgaria'),(841,'Marmashen','Armenia'),(842,'Aghavnatun','Armenia'),(843,'Kokaj','Albania'),(844,'Émponas','Greece'),(845,'Neochóri','Greece'),(846,'Kolympári','Greece'),(847,'Chirpan','Bulgaria'),(848,'Gabrovo','Bulgaria'),(849,'Kyustendil','Bulgaria'),(850,'Ágios Stéfanos','Greece'),(851,'Graz','Austria'),(852,'Émponas','Greece'),(853,'Getazat','Armenia'),(854,'Ampelákia','Greece'),(855,'Léchovo','Greece'),(856,'Pátmos','Greece'),(857,'Mandráki','Greece'),(858,'Artashat','Armenia'),(859,'Byuravan','Armenia'),(860,'Makrochóri','Greece'),(861,'Blerim','Albania'),(862,'Kukur','Albania'),(863,'Áthyra','Greece'),(864,'Messíni','Greece'),(865,'Divjakë','Albania'),(866,'Sísion','Greece'),(867,'Gandzak','Armenia'),(868,'Arrën','Albania'),(869,'Memaliaj','Albania'),(870,'Shijak','Albania'),(871,'Chirpan','Bulgaria'),(872,'Karditsomagoúla','Greece'),(873,'Panagyurishte','Bulgaria'),(874,'Perivólia','Cyprus'),(875,'Gerakaroú','Greece'),(876,'Bolyarovo','Bulgaria'),(877,'Anthoúsa','Greece'),(878,'Debelets','Bulgaria'),(879,'Vërtop','Albania'),(880,'Charopó','Greece'),(881,'København','Denmark'),(882,'Pérama','Greece'),(883,'Papër','Albania'),(884,'Zlataritsa','Bulgaria'),(885,'Selianítika','Greece'),(886,'Kallithéa','Greece'),(887,'Ergates','Cyprus'),(888,'Shushicë','Albania'),(889,'Roshnik','Albania'),(890,'Korçë','Albania'),(891,'Karítsa','Greece'),(892,'Marathókampos','Greece'),(893,'Burgas','Bulgaria'),(894,'København','Denmark'),(895,'Acharnés','Greece'),(896,'Nikopol','Bulgaria'),(897,'Gavarr','Armenia'),(898,'Liopétri','Cyprus'),(899,'Golem','Albania'),(900,'Síkinos','Greece'),(901,'Martanesh','Albania'),(902,'Psevdás','Cyprus'),(903,'Svorónos','Greece'),(904,'Xarrë','Albania'),(905,'Novoselë','Albania'),(906,'Pukë','Albania'),(907,'Kýria','Greece'),(908,'Rizómata','Greece'),(909,'Cakran','Albania'),(910,'Álimos','Greece'),(911,'Ouranoupolis','Greece'),(912,'Saratak','Armenia'),(913,'Fushë-Bulqizë','Albania'),(914,'Patitírion','Greece'),(915,'Baz','Albania'),(916,'København','Denmark'),(917,'Kaolinovo','Bulgaria'),(918,'Símantra','Greece'),(919,'Varnávas','Greece'),(920,'Chrysoúpolis','Greece'),(921,'Artesianón','Greece'),(922,'Psachná','Greece'),(923,'Níkaia','Greece'),(924,'Yeghvard','Armenia'),(925,'Loutrá','Greece'),(926,'Peza e Madhe','Albania'),(927,'Itéa','Greece'),(928,'Aghavnatun','Armenia'),(929,'Vratsa','Bulgaria'),(930,'Sukth','Albania'),(931,'Kombësi','Albania'),(932,'Mykonos','Greece'),(933,'Arfará','Greece'),(934,'Stylída','Greece'),(935,'København','Denmark'),(936,'Guri i Zi','Albania'),(937,'Krahës','Albania'),(938,'Ambelókipoi','Greece'),(939,'København','Denmark'),(940,'Agía Varvára','Greece'),(941,'Nicosia','Cyprus'),(942,'Frederiksberg','Denmark'),(943,'Nidri','Greece'),(944,'Shezë','Albania'),(945,'Míthymna','Greece'),(946,'Páchni','Greece'),(947,'Fushëkuqe','Albania'),(948,'Klos','Albania'),(949,'Ágios Spyrídon','Greece'),(950,'Perushtitsa','Bulgaria'),(951,'Níkiti','Greece'),(952,'Sérifos','Greece'),(953,'Plagiári','Greece'),(954,'Livádion','Greece'),(955,'Avlónas','Greece'),(956,'Famagusta','Cyprus'),(957,'Spandaryan','Armenia'),(958,'Kokkinóchoma','Greece'),(959,'Kérkyra','Greece'),(960,'Mitrópoli','Greece'),(961,'Bambakashat','Armenia'),(962,'Sarandë','Albania'),(963,'Monastirákion','Greece'),(964,'Khóra','Greece'),(965,'Kŭrdzhali','Bulgaria'),(966,'København','Denmark'),(967,'Rizó','Greece'),(968,'Omurtag','Bulgaria'),(969,'Gýtheio','Greece'),(970,'Cherven Bryag','Bulgaria'),(971,'Vélo','Greece'),(972,'Kouvarás','Greece'),(973,'Samokov','Bulgaria'),(974,'Blagoevgrad','Bulgaria'),(975,'Librazhd-Qendër','Albania'),(976,'Peshtera','Bulgaria'),(977,'Tycheró','Greece'),(978,'Boychinovtsi','Bulgaria'),(979,'København','Denmark'),(980,'Koutsopódi','Greece'),(981,'Aygepat','Armenia'),(982,'Kolympári','Greece'),(983,'Aygepat','Armenia'),(984,'Ágios Pétros','Greece'),(985,'Razgrad','Bulgaria'),(986,'København','Denmark'),(987,'Panaitólion','Greece'),(988,'Haykashen','Armenia'),(989,'Zall-Herr','Albania'),(990,'Katsikás','Greece'),(991,'Meneou','Cyprus'),(992,'Bradashesh','Albania'),(993,'Goúrnes','Greece'),(994,'Frederiksberg','Denmark'),(995,'Ágios Efstrátios','Greece'),(996,'Koynare','Bulgaria'),(997,'Brataj','Albania'),(998,'Kíti','Cyprus'),(999,'Megalochórion','Greece'),(1000,'Malko Tŭrnovo','Bulgaria');
/*!40000 ALTER TABLE `birthplace` ENABLE KEYS */;
UNLOCK TABLES;

--
-- Table structure for table `damage`
--

DROP TABLE IF EXISTS `damage`;
/*!40101 SET @saved_cs_client     = @@character_set_client */;
/*!50503 SET character_set_client = utf8mb4 */;
CREATE TABLE `damage` (
  `dmg_id` int NOT NULL AUTO_INCREMENT,
  `dmg_desc` longtext,
  `dmg_start_dt` date DEFAULT NULL,
  `dmg_fix_dt` date DEFAULT NULL,
  `dmg_level` int DEFAULT NULL,
  `dmg_ship_id` int DEFAULT NULL,
  PRIMARY KEY (`dmg_id`),
  KEY `fk4_idx` (`dmg_ship_id`),
  KEY `fk17_idx` (`dmg_level`),
  CONSTRAINT `fk17` FOREIGN KEY (`dmg_level`) REFERENCES `dmglevel` (`dmgl_id`) ON DELETE RESTRICT ON UPDATE CASCADE,
  CONSTRAINT `fk4` FOREIGN KEY (`dmg_ship_id`) REFERENCES `ship` (`ship_id`) ON DELETE RESTRICT ON UPDATE CASCADE
) ENGINE=InnoDB AUTO_INCREMENT=28 DEFAULT CHARSET=utf8mb3;
/*!40101 SET character_set_client = @saved_cs_client */;

--
-- Dumping data for table `damage`
--

LOCK TABLES `damage` WRITE;
/*!40000 ALTER TABLE `damage` DISABLE KEYS */;
INSERT INTO `damage` VALUES (1,'Destruction of Right Lower Lobe Bronchus, Endo','2016-10-06','2016-12-03',2,6),(2,'Control Bleeding in Abdominal Wall, Percutaneous Approach','2009-04-01','2009-08-26',1,3),(3,'Destruction of Right Lower Lobe Bronchus, Endo','2016-10-06','2016-12-03',2,6),(4,'Control Bleeding in Abdominal Wall, Percutaneous Approach','2009-04-01','2009-08-26',1,3),(5,'Change Other Device in Cisterna Chyli, External Approach','2000-02-23','2000-02-28',3,3),(6,'Inspection of Sacrococcygeal Joint, Percutaneous Approach','2008-08-15','2008-09-14',3,2),(7,'Excision of Inferior Mesenteric Artery, Perc Approach, Diagn','2011-08-19','2011-10-26',1,2),(8,'Supplement L Brach Vein with Synth Sub, Perc Endo Approach','2003-05-21','2003-10-13',3,1),(9,'Supplement L Popl Art with Nonaut Sub, Open Approach','2008-01-30','2008-02-29',1,4),(10,'Removal of Autol Sub from Uterus & Cervix, Perc Approach','2006-10-02','2007-02-02',2,2),(11,'Transfer Left Lower Arm and Wrist Tendon, Perc Endo Approach','2004-11-16','2005-01-24',3,5),(12,'Fusion of L Sacroiliac Jt with Autol Sub, Open Approach','2019-10-11','2019-11-19',1,5),(13,'Division of Right Carpal, Percutaneous Endoscopic Approach','2020-04-29','2020-05-29',1,6),(14,'Occlusion of Left Foot Vein with Intralum Dev, Perc Approach','2016-07-29','2016-08-02',3,1),(15,'Reposition Left Lower Eyelid, Percutaneous Approach','2015-11-02','2015-11-20',2,3),(16,'Low Dose Rate (LDR) Brachytherapy of Mouth using Cesium 137','2006-12-06','2006-12-23',1,2),(17,'Revision of Radioactive Element in Resp Tract, Open Approach','2004-05-01','2004-05-12',1,7),(18,'Excision of Head Neck Symp Nrv, Perc Endo Approach, Diagn','2013-07-11','2013-07-23',2,3),(19,'Restriction of Trachea with Intralum Dev, Perc Approach','2004-05-03','2004-05-17',3,4),(20,'Revision of Extralum Dev in Up Art, Perc Endo Approach','2002-11-19','2002-11-24',2,6),(21,'Excision of Right Lower Lobe Bronchus, Via Opening, Diagn','2006-02-05','2006-02-18',3,3),(22,'Monitoring of Gastrointestinal Secretion, Endo','2020-11-24','2020-12-06',1,5),(23,'Removal of Nonaut Sub from Low Jaw, Extern Approach','2012-05-08','2012-05-12',3,6),(24,'Extraction of Sciatic Nerve, Percutaneous Approach','2020-09-10','2020-09-18',3,5);
/*!40000 ALTER TABLE `damage` ENABLE KEYS */;
UNLOCK TABLES;

--
-- Table structure for table `department`
--

DROP TABLE IF EXISTS `department`;
/*!40101 SET @saved_cs_client     = @@character_set_client */;
/*!50503 SET character_set_client = utf8mb4 */;
CREATE TABLE `department` (
  `dep_id` int NOT NULL AUTO_INCREMENT,
  `dep_name` varchar(100) DEFAULT NULL,
  PRIMARY KEY (`dep_id`)
) ENGINE=InnoDB AUTO_INCREMENT=9 DEFAULT CHARSET=utf8mb3;
/*!40101 SET character_set_client = @saved_cs_client */;

--
-- Dumping data for table `department`
--

LOCK TABLES `department` WRITE;
/*!40000 ALTER TABLE `department` DISABLE KEYS */;
INSERT INTO `department` VALUES (1,'HR'),(2,'IT'),(3,'Finance'),(4,'Fleet'),(5,'Safety'),(6,'Supply'),(7,'Research'),(8,'Development');
/*!40000 ALTER TABLE `department` ENABLE KEYS */;
UNLOCK TABLES;

--
-- Table structure for table `dmglevel`
--

DROP TABLE IF EXISTS `dmglevel`;
/*!40101 SET @saved_cs_client     = @@character_set_client */;
/*!50503 SET character_set_client = utf8mb4 */;
CREATE TABLE `dmglevel` (
  `dmgl_id` int NOT NULL AUTO_INCREMENT,
  `dmgl_name` varchar(100) DEFAULT NULL,
  PRIMARY KEY (`dmgl_id`)
) ENGINE=InnoDB AUTO_INCREMENT=4 DEFAULT CHARSET=utf8mb3;
/*!40101 SET character_set_client = @saved_cs_client */;

--
-- Dumping data for table `dmglevel`
--

LOCK TABLES `dmglevel` WRITE;
/*!40000 ALTER TABLE `dmglevel` DISABLE KEYS */;
INSERT INTO `dmglevel` VALUES (1,'1st ungovernable ship'),(2,'2nd moderate importance'),(3,'3rd no serious problem');
/*!40000 ALTER TABLE `dmglevel` ENABLE KEYS */;
UNLOCK TABLES;

--
-- Table structure for table `emp_allocation`
--

DROP TABLE IF EXISTS `emp_allocation`;
/*!40101 SET @saved_cs_client     = @@character_set_client */;
/*!50503 SET character_set_client = utf8mb4 */;
CREATE TABLE `emp_allocation` (
  `empalloc_id` int NOT NULL AUTO_INCREMENT,
  `empalloc_st_date` date DEFAULT NULL,
  `empalloc_end_dt` date DEFAULT NULL,
  `empalloc_emp_id` int DEFAULT NULL,
  `empalloc_dep_id` int DEFAULT NULL,
  PRIMARY KEY (`empalloc_id`),
  KEY `fk7_idx` (`empalloc_emp_id`),
  KEY `fk8_idx` (`empalloc_dep_id`),
  CONSTRAINT `fk7` FOREIGN KEY (`empalloc_emp_id`) REFERENCES `employee` (`emp_id`) ON UPDATE CASCADE,
  CONSTRAINT `fk8` FOREIGN KEY (`empalloc_dep_id`) REFERENCES `department` (`dep_id`) ON DELETE RESTRICT ON UPDATE CASCADE
) ENGINE=InnoDB AUTO_INCREMENT=51 DEFAULT CHARSET=utf8mb3;
/*!40101 SET character_set_client = @saved_cs_client */;

--
-- Dumping data for table `emp_allocation`
--

LOCK TABLES `emp_allocation` WRITE;
/*!40000 ALTER TABLE `emp_allocation` DISABLE KEYS */;
INSERT INTO `emp_allocation` VALUES (1,'2012-08-02','2022-04-14',481,8),(2,'2019-04-10','2022-07-19',917,5),(3,'2003-07-16','2023-08-27',710,5),(4,'2015-08-21','2021-04-30',868,7),(5,'2015-09-22','2023-07-09',397,3),(6,'2005-10-01','2021-05-11',7,1),(7,'2014-09-28','2020-07-23',50,1),(8,'2006-10-26','2022-01-21',960,1),(9,'1998-08-13',NULL,143,4),(10,'2002-10-13','2023-05-06',551,6),(11,'2005-10-16','2023-10-03',819,5),(12,'2001-01-08','2021-01-12',436,1),(13,'2007-06-19','2021-02-17',385,1),(14,'2019-10-06','2022-11-30',240,7),(15,'2005-09-06','2021-08-04',161,2),(16,'2006-10-20','2023-05-29',571,7),(17,'2005-01-02','2022-04-18',283,7),(18,'2004-04-11','2023-09-23',941,5),(19,'2006-04-26','2020-07-21',399,4),(20,'2017-05-26','2020-11-22',832,7),(21,'1998-01-21','2022-02-26',527,2),(22,'2003-10-10','2020-08-14',386,8),(23,'2004-10-11','2022-01-30',726,5),(24,'2014-09-15','2021-10-13',946,7),(25,'2018-04-22','2023-06-04',492,8),(26,'2018-05-17','2021-08-31',317,5),(27,'2016-08-22','2023-07-02',869,4),(28,'1998-05-21','2020-03-10',253,4),(29,'2019-08-10','2023-07-30',318,6),(30,'2019-03-22','2021-04-09',435,3),(31,'2001-05-21','2020-09-16',876,1),(32,'2006-10-31','2021-12-27',636,7),(33,'2018-11-01','2021-12-30',886,8),(34,'2019-06-24','2023-03-24',869,4),(35,'2012-12-22','2022-06-24',55,1),(36,'2007-09-20','2023-11-18',762,1),(37,'2017-11-17','2018-01-03',26,7),(38,'2014-01-15','2021-08-02',765,2),(39,'2019-02-17','2022-03-31',407,3),(40,'2006-08-08','2024-06-08',273,1),(41,'2009-09-06','2024-01-26',176,6),(42,'2013-04-04','2024-03-06',822,7),(43,'1999-07-25','2020-12-26',423,2),(44,'2004-05-03',NULL,509,2),(45,'2005-01-06','2021-01-22',482,2),(46,'2008-02-27','2020-12-25',768,2),(47,'2014-01-14',NULL,923,2),(48,'2007-07-13','2022-08-22',890,2),(49,'2017-03-31','2020-12-04',234,6),(50,'2006-12-22','2022-09-06',132,8);
/*!40000 ALTER TABLE `emp_allocation` ENABLE KEYS */;
UNLOCK TABLES;

--
-- Table structure for table `employee`
--

DROP TABLE IF EXISTS `employee`;
/*!40101 SET @saved_cs_client     = @@character_set_client */;
/*!50503 SET character_set_client = utf8mb4 */;
CREATE TABLE `employee` (
  `emp_id` int NOT NULL AUTO_INCREMENT,
  `emp_name` varchar(100) DEFAULT NULL,
  `emp_surname` varchar(100) DEFAULT NULL,
  `emp_father_name` varchar(45) DEFAULT NULL,
  `emp_tin` varchar(45) DEFAULT NULL,
  `emp_ssn` bigint DEFAULT NULL,
  `emp_birthdate` date DEFAULT NULL,
  `emp_marital_status` varchar(45) DEFAULT NULL,
  `emp_street` varchar(100) DEFAULT NULL,
  `emp_street_no` int DEFAULT NULL,
  `emp_zip_code` int DEFAULT NULL,
  `emp_city` varchar(100) DEFAULT NULL,
  PRIMARY KEY (`emp_id`),
  UNIQUE KEY `emp_tin_UNIQUE` (`emp_tin`),
  UNIQUE KEY `emp_ssn_UNIQUE` (`emp_ssn`)
) ENGINE=InnoDB AUTO_INCREMENT=2001 DEFAULT CHARSET=utf8mb3;
/*!40101 SET character_set_client = @saved_cs_client */;

--
-- Dumping data for table `employee`
--

LOCK TABLES `employee` WRITE;
/*!40000 ALTER TABLE `employee` DISABLE KEYS */;
INSERT INTO `employee` VALUES (1,'Lawton','Warlow','Isac','733263138',35639525379,'1999-08-20','Single','Gerald',654,89487,'Jingzhou'),(2,'Fraze','Fransewich','Dane','496911421',39532347405,'1973-03-22','Divorced','Mandrake',890,17997,'Sirte'),(3,'Billy','Goater','Barbabas','313065295',74118742030,'1982-01-19','Married','David',699,87198,'Boissevain'),(4,'Murdock','Garnham','Maurice','582239569',54413287439,'1978-01-28','Single','Kensington',172,55433,'Xinhang'),(5,'Gael','Gehricke','Robinson','705393591',67635355664,'1964-09-20','Married','Vermont',903,85200,'Bandar-e ‘Asalūyeh'),(6,'Palm','Roseburgh','Lucias','844052071',59681406996,'1961-06-16','Divorced','Del Sol',960,73288,'Athens'),(7,'Gypsy','Burne','Carter','942493984',17146232857,'1984-12-03','Widowed','Toban',608,78995,'Athens'),(8,'Emlyn','Grabert','Regan','971426821',40379416609,'1966-09-15','Divorced','Namekagon',530,62838,'Klumpit'),(9,'Delora','Kivell','Piotr','786217426',50174369828,'1991-02-12','Single','Lien',47,78741,'Karangkedawung'),(10,'Brynna','Parade','Abran','459943339',49983782953,'1975-07-29','Married','Mayfield',622,62996,'Boissevain'),(11,'Meggi','Cristofalo','Justinian','943567185',45445144633,'1990-07-23','Married','Luster',641,88229,'Outing'),(12,'Noe','Thorington','Jared','256755634',88707842107,'1989-03-03','Divorced','Crownhardt',698,52741,'Centralniy'),(13,'Say','Prys','Rafaello','640422199',49641693247,'1971-11-07','Single','Ilene',843,51087,'Athens'),(14,'Fulvia','Dunnion','Jaymie','854174893',32152289343,'1992-05-19','Widowed','Lakewood Gardens',240,13441,'Pariti'),(15,'Gage','Tournie','Herb','256706570',75136196677,'1971-08-01','Married','Tony',898,54803,'Nova Varoš'),(16,'Bernarr','O\'Sherrin','Neal','154576650',69288378438,'1978-04-01','Married','Calypso',985,56203,'Cové'),(17,'Hermy','Muncey','Gun','859838303',38501687368,'1991-09-27','Single','Chive',134,40826,'Muro'),(18,'Ariel','Marvin','Alwin','327818124',21823299658,'1981-02-17','Divorced','Corscot',246,81662,'Skotoússa'),(19,'Inna','Boleyn','Ben','300350126',32965959758,'1978-01-09','Single','Cherokee',309,61771,'Thessaloniki'),(20,'Floria','Treamayne','Hugh','678095139',68515356752,'2000-07-12','Divorced','Marcy',826,85838,'Thessaloniki'),(21,'Wernher','Donizeau','Hewett','727439447',83504496723,'1979-09-20','Divorced','Marcy',515,80504,'Thessaloniki'),(22,'Cordie','Lockless','Gualterio','767199957',87282901078,'2000-11-17','Widowed','Darwin',593,96574,'Thessaloniki'),(23,'Fawne','Corns','Bink','992221982',69580308569,'1969-10-19','Single','Artisan',931,30196,'Thessaloniki'),(24,'Dyan','Murra','Normand','195558931',21466333274,'1959-01-22','Single','Grayhawk',494,17885,'Thessaloniki'),(25,'Trev','Jamary','Base','834557566',40501190749,'1966-11-03','Widowed','Beilfuss',381,99759,'Thessaloniki'),(26,'Dehlia','Blasdale','Ode','238459189',93855154279,'2001-09-26','Widowed','Luster',92,52359,'Thessaloniki'),(27,'Curran','Petrillo','Reece','427126064',48560988275,'2001-06-05','Single','Annamark',261,43225,'Thessaloniki'),(28,'Court','Goodere','Culley','853694132',25883803770,'1963-08-10','Single','8th',561,56230,'Thessaloniki'),(29,'Sarge','Shaylor','Dore','868344404',37103419523,'1963-03-10','Divorced','Hollow Ridge',89,86065,'Thessaloniki'),(30,'Abramo','Lumox','Kristopher','267900783',89174720652,'1980-08-17','Widowed','Oakridge',469,11632,'Thessaloniki'),(31,'Tyson','Warrener','Flinn','819453432',62856806541,'1972-05-23','Single','Eliot',563,83928,'Thessaloniki'),(32,'Kiri','Edowes','Marmaduke','128728843',46471659662,'1980-10-04','Divorced','Fallview',559,35898,'Thessaloniki'),(33,'Ediva','Devericks','Frederic','122934156',94538080408,'1972-10-06','Widowed','Everett',946,84442,'Thessaloniki'),(34,'Doralin','France','Vittorio','732548310',37251145884,'1967-12-21','Divorced','Fieldstone',663,97629,'Lamia'),(35,'Weider','Chatten','Pavel','585223647',94171267236,'1993-12-11','Married','Mariners Cove',280,63422,'Lamia'),(36,'Adam','Attenborough','Jimmy','864026739',90963034279,'2001-11-22','Married','Debra',117,52519,'Lamia'),(37,'Therese','Skippon','Royal','897670618',67383066795,'1959-03-02','Widowed','Porter',190,77536,'Lamia'),(38,'Ina','Prout','Gonzales','250101576',36239941806,'1994-03-19','Widowed','Mallard',420,40350,'Gorelki'),(39,'Cicily','Ridulfo','Jameson','770472350',29217661103,'1993-10-15','Widowed','Continental',560,24962,'Doblas'),(40,'Orelle','Darinton','Ximenes','861260033',22786990256,'1968-10-07','Divorced','Ludington',12,41114,'Būrewāla'),(41,'Earl','Fawdry','Yank','814302444',96822214834,'1988-08-19','Widowed','Blackbird',421,56827,'Tanguá'),(42,'Rozamond','Snewin','Birch','384922261',73137373367,'1981-01-14','Divorced','Mitchell',674,40106,'Athens'),(43,'West','Onthank','Patric','448905201',55556292791,'1996-10-05','Widowed','Daystar',368,16933,'Athens'),(44,'Knox','Dicte','Demetris','637624050',24238874810,'1971-06-25','Widowed','Banding',704,78825,'Athens'),(45,'Caryn','Barnham','Thorvald','852299907',97052729533,'1976-01-11','Single','Johnson',721,77592,'Tagbilaran City'),(46,'Philippine','Westberg','Northrop','839956988',89720930495,'1990-12-07','Single','Shasta',401,14221,'Athens'),(47,'Lena','Burrell','Adler','113337815',15736660160,'1954-02-09','Married','Eastwood',574,82054,'Abomey'),(48,'Josephine','Littlekit','Neron','160074479',62821187787,'1985-12-11','Single','Briar Crest',794,51062,'Athens'),(49,'Saunders','Scoullar','Barton','882821552',77731954898,'1970-10-24','Single','Holy Cross',929,20520,'Saint-Priest-en-Jarez'),(50,'Tam','Grise','Rudolf','782480875',99028369621,'1954-12-29','Single','East',89,59051,'Piritiba'),(51,'Elianore','Winchcombe','Valentijn','130820260',60065448150,'1961-07-28','Widowed','Monterey',322,56903,'Athens'),(52,'Emma','Ritch','Ruggiero','412387561',82960195798,'1954-11-17','Divorced','Westridge',157,87194,'Athens'),(53,'Clair','Hallen','Sayers','777581663',86717874396,'1983-11-28','Single','Oak',996,38555,'Athens'),(54,'Hurley','Dunckley','Dallis','308953260',64748118240,'1994-03-04','Widowed','Lukken',854,83043,'Yantianhe'),(55,'Peadar','Stiffkins','Willi','495542880',39693058274,'1956-07-06','Single','Crest Line',365,85021,'Lagasit'),(56,'Anton','Zute','Richart','676835177',47628681443,'1993-12-02','Married','Maryland',16,81504,'Zyukayka'),(57,'Ilene','Dwyr','Emilio','818895094',16382378224,'1970-07-09','Married','Fordem',492,42124,'Arendal'),(58,'Perl','Dranfield','Vlad','401261885',93255057650,'1997-09-20','Widowed','Fairview',569,53221,'Telsiai'),(59,'Bayard','Thurbon','Thibaut','497969062',53620064502,'1964-03-17','Widowed','Hudson',855,80377,'Boissevain'),(60,'Brice','Quidenham','Jermain','681659919',80766861562,'1951-11-05','Married','Dunning',135,37980,'Şūr'),(61,'Crystal','Fitchet','Bobbie','591289496',27627479302,'1987-06-23','Divorced','Oxford',140,51729,'Zhanbei'),(62,'Ransom','Stickney','Aguie','765375160',70672081158,'1981-01-09','Widowed','Cascade',739,18542,'Dongxin'),(63,'Starr','Ringwood','Thom','302873283',19077914887,'1978-03-15','Single','Mendota',949,76722,'Petrodvorets'),(64,'Hector','Brigden','Grady','985178586',70183436559,'1977-12-03','Widowed','Carey',761,71984,'Voorburg'),(65,'Olympe','Minister','Lionello','838215159',60183052564,'1993-02-21','Divorced','Hanson',788,63768,'Xian’an'),(66,'Kailey','Boss','Malchy','904610390',41486442773,'1979-10-05','Married','Transport',251,23279,'Athens'),(67,'Nevil','Mattes','Scottie','399471329',58236084502,'1996-10-08','Divorced','Carey',475,76234,'Sathon'),(68,'Lee','Feldhorn','Desmond','771695530',46071234838,'1950-10-22','Divorced','Katie',740,24262,'Danané'),(69,'Bartlett','Hargey','Alexei','128026534',72294686996,'1960-06-24','Widowed','Mesta',619,74403,'Ryazanskiy'),(70,'Karine','Capeloff','Levin','101438357',56684241186,'1960-09-19','Married','Eggendart',151,59343,'Athens'),(71,'Essy','Stammer','Hagan','540432202',27509006629,'1993-03-29','Single','Manley',578,32961,'Rouen'),(72,'Chelsy','Staden','Norris','516231410',75185594669,'1961-10-30','Divorced','Upham',886,18800,'Parakanpanjang'),(73,'Jocelyne','Cona','Gregg','344907632',90409345327,'1992-02-25','Divorced','Montana',456,62406,'Batobato'),(74,'Esther','Benson','Grenville','385116191',35176792368,'1995-12-26','Single','Lindbergh',174,63079,'Athens'),(75,'Trixie','Andre','Tyrone','480820526',21042782511,'1969-06-09','Married','Fairfield',813,63477,'Boissevain'),(76,'Dodie','Eisenberg','Blane','800961161',59974566196,'1980-04-09','Married','Superior',873,58369,'Xiangxi'),(77,'Adolphus','Sainthill','Dunc','971316339',49231036726,'1980-11-16','Married','Victoria',333,99616,'Athens'),(78,'Marven','Rodge','Waldemar','642021978',37932392760,'1976-09-06','Married','Kings',155,63751,'Vista Hermosa'),(79,'Rahal','McLewd','Ches','210856557',95607931195,'1990-06-22','Widowed','Grayhawk',537,20101,'Chão'),(80,'Clerkclaude','Solly','Ogdan','425438217',99069944125,'1964-02-10','Widowed','Vidon',592,50854,'Yangqiao'),(81,'Harrie','Grattan','Gregorius','284319651',66175820107,'2002-12-04','Single','Burning Wood',694,14982,'San Lorenzo de Esmeraldas'),(82,'Hamel','Sedger','Iggy','416207521',44854149456,'1977-03-16','Married','Lillian',499,52721,'Kimanuit'),(83,'Hedvige','McCook','Wyn','520701812',85772992855,'1999-03-21','Divorced','Packers',274,56270,'Xiaping'),(84,'Ingmar','Eyes','Jan','731638648',29691814231,'1958-03-13','Divorced','Eastwood',142,42790,'Sokol’skoye'),(85,'Sigismundo','Melsome','Mile','893950294',11399356761,'1987-03-31','Married','Hallows',297,76984,'Alfenas'),(86,'Storm','Sket','Barty','928711269',70817841496,'1988-02-08','Single','Sycamore',647,42522,'Fengjiang'),(87,'Dorise','Egleton','Griz','846035579',47393030492,'1990-09-16','Married','Thompson',368,24459,'Parral'),(88,'Brad','Ewart','Auberon','911197780',96642040158,'1967-06-03','Married','Division',139,43252,'Lesozavodsk'),(89,'Fiona','Huggons','Jayson','776284299',83950682463,'1955-03-03','Divorced','Moland',231,66727,'Nanshao'),(90,'Dwight','Samwayes','Harcourt','389106650',44973891935,'1956-01-28','Married','Havey',653,49424,'Chengnan'),(91,'Kyle','Organ','Carlyle','553772094',28376482149,'2000-10-08','Widowed','Cody',821,92608,'Kawit'),(92,'Edie','O\'Driscole','Fraze','598763986',73788064103,'1961-07-24','Widowed','Pepper Wood',218,33086,'Boissevain'),(93,'Marika','Voas','Warden','752367569',14786027880,'1968-04-13','Widowed','Hovde',339,58914,'Tayzhina'),(94,'Darlene','Couthard','Barnard','700073143',44117844336,'1956-11-03','Single','Mayer',340,94059,'Jiangya'),(95,'Prissie','Dorrell','Glen','327513494',60961677681,'1954-11-22','Widowed','Golf View',889,94315,'Koumac'),(96,'Rasla','Tremblot','Mahmud','555340619',56766431611,'1977-07-02','Married','Warner',925,75516,'Dukoh'),(97,'Dorie','Poad','Derwin','344670213',22922494344,'1976-11-21','Married','New Castle',104,14030,'Athens'),(98,'Uta','Eles','Myrwyn','133268942',99044311432,'1978-12-03','Single','Fair Oaks',866,73796,'Athens'),(99,'Malanie','Rylance','Eb','719790238',44938690954,'1973-06-28','Widowed','Tony',10,74765,'Athens'),(100,'Diena','Seamen','Dmitri','874259040',46067605903,'2002-11-20','Widowed','Warner',6,37311,'Mizur'),(101,'Florina','Robyns','Morris','150834089',81541153171,'1977-08-18','Widowed','Oneill',64,16398,'Joconal'),(102,'Gradey','Ruggiero','Kellen','895008272',47620653462,'1982-06-11','Married','Calypso',505,97873,'Pithári'),(103,'Annetta','Laurenceau','Zerk','676889181',66505253278,'1963-06-07','Divorced','Lerdahl',714,13380,'Tanarara'),(104,'Letti','LLelweln','Fabe','455212290',89935143328,'1972-08-31','Married','Myrtle',514,12896,'Verkhniy Rohachyk'),(105,'Dyann','Haye','Emmit','830738363',85421547940,'1979-11-25','Divorced','Oak',538,87607,'São Torcato'),(106,'Maritsa','Connew','Vladamir','309603926',24073314729,'2004-11-18','Divorced','Paget',887,56501,'Nanhai'),(107,'Marjory','Cote','Avigdor','320187914',46478754218,'1966-02-16','Divorced','Merry',106,71956,'Motrico'),(108,'Weidar','MacFadzan','Dallis','720710611',76551856561,'2004-12-20','Widowed','Ridgeview',272,13094,'Shuanglu'),(109,'Rois','Povey','Simeon','767897132',31441813938,'1959-01-20','Widowed','Golf',932,49173,'Jiaoxiyakou'),(110,'Edlin','Corson','Dallis','940089783',16465232315,'1963-12-14','Married','Myrtle',244,28343,'Mibu'),(111,'Madalyn','Menichini','Morten','783771132',59134009787,'1971-08-09','Single','Artisan',158,26668,'Allen'),(112,'Kingston','Walkling','Carr','444627143',51447636413,'1974-11-23','Married','Riverside',223,43805,'Luodong'),(113,'Trefor','Scopham','Leigh','858006551',45806780869,'1962-09-02','Widowed','Scoville',729,49983,'Rumphi'),(114,'Ruddie','Christley','Farly','482882573',29393895879,'1974-10-16','Single','Kim',136,64868,'New York City'),(115,'Allan','Blasetti','Osgood','913718391',80467820999,'1978-12-02','Widowed','Vermont',976,23815,'Tögrög'),(116,'Aidan','Sousa','Claudius','693315711',81803190730,'1987-08-03','Married','Kingsford',884,43252,'Choya'),(117,'Creigh','Gavrieli','Vito','117553995',66869739993,'1976-10-21','Married','Dwight',687,82465,'Umm Sa‘īd'),(118,'Harris','Quarry','Mike','268546305',60516680155,'1978-07-21','Married','Alpine',903,58100,'Ilha de Moçambique'),(119,'Sloan','Warmisham','Lindon','700894147',17485963741,'1987-02-15','Widowed','Kenwood',468,24860,'Chicoana'),(120,'Vivianna','Care','Dukie','266325799',92489474527,'1988-06-23','Divorced','Darwin',686,49473,'Zhaixi'),(121,'Mattie','Wickling','Augustine','172366050',32157934054,'1975-07-24','Married','Talisman',530,41171,'Freetown'),(122,'Ellyn','Osgodby','Meade','428764954',62793114091,'1974-11-05','Widowed','Autumn Leaf',746,77085,'Anguil'),(123,'Elfreda','Livesey','Kory','169028334',58649076203,'1985-11-04','Married','Spohn',601,99995,'Pekuwon'),(124,'Paulie','Elsom','Leonerd','108143395',44303196654,'2004-09-05','Single','Fremont',61,33444,'Chuquitira'),(125,'Carly','Sparkwell','Ximenes','355516429',18516492792,'1952-08-21','Married','Springs',839,52425,'Za‘tarah'),(126,'Wadsworth','Proswell','Rees','657693909',75882791424,'1976-04-30','Widowed','5th',495,19864,'Tala'),(127,'Clint','Reyne','Aldo','224636554',17186521603,'1958-02-22','Married','Birchwood',810,98032,'Xuedian'),(128,'Erminie','Georgelin','Franciskus','449419978',95403835907,'1995-12-29','Married','Harper',532,49987,'Taoyuan'),(129,'Geneva','Algate','Shem','165276905',62460936719,'1968-03-26','Widowed','Melvin',730,60649,'Uba'),(130,'Hewitt','Whiteoak','Philbert','650244993',33000464912,'1977-10-22','Married','Mallory',38,99770,'Barajalan'),(131,'Vanya','Ferreri','Dannel','333360383',78415847954,'1981-10-02','Widowed','Grover',355,60410,'Halat'),(132,'Davey','Yanuk','Wilton','595260124',98949947926,'1989-01-23','Single','Nelson',818,89407,'Zaragoza'),(133,'Cale','Rabidge','Travis','496227452',44234326551,'1955-02-27','Divorced','3rd',311,14426,'Palykavichy Pyershyya'),(134,'Amabelle','MacCome','Sayers','744227374',45910966807,'1957-09-07','Divorced','Mifflin',216,90628,'Qŭrghontepa'),(135,'Rafi','Marshallsay','Eduardo','450529772',95279088153,'1978-02-07','Married','Homewood',850,40563,'Uitiuhtuan'),(136,'Marja','Teck','Inglebert','522996751',61565436445,'1973-10-28','Single','Bluejay',259,10211,'Gaoyang'),(137,'Darlene','Trodd','Morry','204980308',69483848221,'2001-11-29','Married','Jenna',366,29222,'Itacarambi'),(138,'Cristionna','Toner','Torry','879292626',62331888164,'1998-12-05','Married','Fremont',963,15906,'Reutlingen'),(139,'Bernadina','Dedmam','Thaddus','140256969',14971322916,'1992-03-09','Married','Sutherland',269,58372,'Basīrpur'),(140,'Melonie','Saller','Price','715413539',91520573989,'1990-07-20','Married','Clyde Gallagher',776,46548,'Lamia'),(141,'Orel','O\'Canavan','Mart','239356719',70948733477,'1960-03-30','Divorced','Holmberg',758,13550,'Lamia'),(142,'Janice','Halsall','Nilson','879166865',67759186479,'2000-05-04','Widowed','Crescent Oaks',177,16537,'Pangascasan'),(143,'Esta','Bris','Alva','306868433',70540321334,'1979-09-27','Divorced','Cardinal',221,39537,'Žabljak'),(144,'Verene','Edensor','Cart','893230548',99827851830,'1962-03-18','Single','Warrior',988,25269,'Osekovo'),(145,'Sonia','Janowski','Myrvyn','447440818',16180896311,'1980-11-20','Divorced','Fieldstone',26,89392,'Huanggang'),(146,'Yank','Spellar','Mario','947389574',61332570682,'1955-03-01','Divorced','Tomscot',324,75069,'Athens'),(147,'Dinnie','Jacquemet','Lanie','564529170',75677524541,'1994-11-14','Widowed','Blue Bill Park',454,42163,'Athens'),(148,'Jase','Ielden','Richie','610587241',45013443135,'1984-02-06','Married','Hoepker',678,60905,'Paledang'),(149,'Bertrando','Andri','Danny','173834073',99144524353,'1986-07-07','Divorced','Packers',121,30741,'Thị Trấn Mường Khến'),(150,'Vincenty','Bartels','Arvy','389950075',51729179201,'1969-04-10','Married','Badeau',788,87540,'Sartrouville'),(151,'Paquito','Coggell','Hamil','627885877',77631734339,'1975-12-31','Married','Northridge',635,86769,'Brdów'),(152,'Sandye','Coope','Keir','606876893',21864309316,'1994-11-15','Widowed','Tomscot',887,27554,'Taksimo'),(153,'Abeu','Buey','Shanan','633816946',94397923912,'1950-10-31','Married','Nova',702,54704,'Hongmiao'),(154,'Web','Boerder','Sebastien','138085167',72579236426,'1998-03-26','Divorced','Northwestern',498,42207,'Ashchysay'),(155,'Benoit','Files','Giusto','944940832',67342369356,'1978-04-13','Widowed','Truax',949,91495,'Baisha'),(156,'Tabbie','Le Provost','Augustin','329667990',55242277454,'1997-08-24','Single','Ohio',214,14225,'Villa Elisa'),(157,'Cyrille','Dovidaitis','Thaddus','945465202',28173591119,'1959-07-04','Married','Dottie',140,34713,'Zongzhai'),(158,'Karilynn','Rolance','Bennie','227692166',71017431631,'1973-02-13','Divorced','Superior',396,32503,'Miaotang'),(159,'Torey','Gabala','Broderick','832040411',71878656596,'1997-02-06','Married','Grasskamp',696,90789,'Iúna'),(160,'Leland','Drable','Korey','242833319',88598438491,'1999-06-12','Single','Del Sol',505,90153,'Huancheng'),(161,'Ingra','Awty','Nollie','532981306',23563174494,'1960-09-17','Divorced','Hagan',217,80925,'Yeşilköy'),(162,'Adi','Creus','Chevy','143114089',98135253604,'1973-09-27','Married','Farwell',458,12228,'Banī an Nahārī'),(163,'Wiley','Legg','Chen','564298195',25648890470,'1985-01-26','Widowed','Carpenter',715,92838,'Arnhem'),(164,'Janina','Radsdale','Penrod','134899340',72782807658,'1968-07-14','Single','Mallard',887,34840,'Idalolong'),(165,'Angelika','Applin','Jordon','931397491',78990180971,'1952-11-08','Divorced','Cody',858,17647,'Nioumamilima'),(166,'Norri','Crickett','Ransell','705042002',19416728173,'1961-06-12','Single','Brown',151,63764,'Ngulahan'),(167,'Natalya','Haffard','Richart','723652901',89571623533,'2003-07-31','Single','Mallard',682,40058,'Taquaritinga'),(168,'Aldrich','Bucknell','Lennie','802271818',36691378803,'1985-11-24','Married','Basil',744,45764,'Sanjing'),(169,'Maximilian','Surridge','Farly','131011095',12551701110,'1959-03-24','Married','Sullivan',393,45793,'Schaumburg'),(170,'Cleveland','Johns','Kipp','605125710',82208129654,'1969-11-03','Divorced','Lakewood Gardens',968,37668,'Colcabamba'),(171,'Jarrod','Gillease','Stephen','924928551',28461875833,'1994-11-11','Widowed','Pepper Wood',68,98867,'Midland'),(172,'Marys','Brombell','Ario','573642929',92644123260,'1979-06-28','Divorced','Loftsgordon',98,12552,'Przasnysz'),(173,'Mair','Driussi','Godfrey','652131614',49468383873,'1962-10-24','Divorced','Stuart',76,45217,'Linköping'),(174,'Matthaeus','Sprague','Casper','301521377',98589180547,'1981-08-13','Single','Fallview',310,17875,'Ban Fang'),(175,'Brandais','Frankiss','Bernhard','527832603',92416647813,'1999-04-13','Married','Crownhardt',456,76836,'La Paz'),(176,'Deirdre','Kneller','Anson','132373562',43260469893,'1972-05-04','Widowed','Erie',872,67354,'Vilarinho'),(177,'Mortie','Beharrell','Alric','774222360',66309571208,'1964-04-18','Divorced','Summit',16,70639,'Ljungbyholm'),(178,'Elbertine','Shoreson','Fraze','458829467',55143080586,'1998-01-26','Divorced','Holmberg',306,30901,'Motala'),(179,'Marybelle','Ling','Jedd','998541093',80516653708,'1992-11-19','Divorced','Ohio',685,81560,'Łopuszno'),(180,'Shani','Treneer','Marve','984532400',13847257742,'1962-09-17','Single','Eagan',998,54145,'Néa Péramos'),(181,'Maureen','O\'Sharry','Sully','109593638',57847718543,'1991-10-27','Divorced','Jenna',784,19363,'Rudnichnyy'),(182,'Corny','Pearlman','Farlay','693133414',59386897047,'1961-02-04','Widowed','Sachs',749,77576,'Xinzhou'),(183,'Lexy','De Angelo','Cordie','137706401',24366981785,'1995-06-26','Married','Menomonie',293,99693,'Maracanaú'),(184,'Austine','Chippendale','Batholomew','408189520',18084749985,'1994-08-06','Widowed','Oakridge',4,56360,'Cajuru'),(185,'Obadias','Burns','Johnathan','665343162',53328306851,'1970-02-06','Single','Huxley',476,42536,'Progër'),(186,'Marlon','Loding','Spencer','847551868',86875464359,'1985-12-04','Widowed','Sauthoff',371,25536,'Banjar Jabejero'),(187,'Johna','Keigher','Berk','336313535',24971420328,'1953-10-01','Widowed','Derek',367,26150,'Dengmu'),(188,'Ailene','Blackeby','Flem','864844090',88794997424,'1954-02-27','Single','Mandrake',887,70179,'Jinnan'),(189,'Robinet','Targetter','Gauthier','314881448',22329557682,'2003-01-22','Widowed','Lerdahl',73,48379,'Taoyuan'),(190,'Rennie','De Bellis','Hobart','371630481',30460076726,'1979-05-27','Married','Erie',879,24439,'Bandeirantes'),(191,'Reuben','Drable','Roddy','607009030',10953237176,'1988-02-07','Widowed','Carioca',509,96641,'Dayton'),(192,'Freeland','Gruszczak','Arlan','117105898',23141524159,'1993-04-29','Married','Carberry',201,55918,'Chillia'),(193,'Powell','Tapsell','Mile','168224559',23119086290,'1971-04-06','Single','Fuller',133,97350,'Atlanta'),(194,'Cassius','Muller','Wittie','129171968',87412376286,'1956-03-09','Divorced','Westerfield',981,43617,'Jiangfang'),(195,'Emmalynne','MacLaughlin','Dennie','777401554',56781873887,'1958-04-07','Single','Summer Ridge',931,84012,'Kalix'),(196,'Tally','Raun','Edward','639584049',12629500643,'1975-05-15','Married','Walton',77,52499,'Dongbian'),(197,'Emmery','Torrance','Chick','124661402',34445296366,'1955-04-16','Married','Golf View',780,91841,'Píritu'),(198,'Grissel','Drawmer','Jerrie','423318389',26782319352,'1968-02-25','Single','East',35,23322,'Podivín'),(199,'Aurlie','Brient','Erroll','683337898',76926886648,'1986-10-30','Married','Manley',194,33088,'Athens'),(200,'Piper','Twort','Fredrick','940981213',32549192443,'1960-06-05','Widowed','Eastwood',914,69825,'Serov'),(201,'Nolana','Klimowicz','Hendrik','424090564',18521219836,'1986-03-27','Single','Russell',643,32199,'Agboville'),(202,'Chalmers','Wickey','Siegfried','311632907',33983144701,'1953-10-24','Divorced','Independence',834,59663,'Eci'),(203,'Langston','Drivers','Bert','791724885',55045202686,'1969-01-21','Divorced','Texas',403,27635,'Dazaifu'),(204,'Melody','Marriot','Rob','960167865',30900691715,'1986-11-08','Married','Crest Line',749,39534,'Lago da Pedra'),(205,'Somerset','Sliman','Phillipe','430048954',12413715211,'1957-09-09','Married','Pankratz',129,22773,'Łubowo'),(206,'Paolo','Eckersall','Cassius','367823674',49185653529,'1950-11-07','Divorced','Crest Line',974,33264,'Clermont-Ferrand'),(207,'Clarke','Oxby','Yancy','137450556',54633235225,'1960-09-12','Married','Crowley',239,51438,'Shuibatang'),(208,'Jonathan','Petford','Esme','555008438',91296064294,'2000-08-12','Widowed','Derek',527,58545,'Jindayris'),(209,'Lindsay','Girtin','Alberik','882196877',48811459367,'1992-12-08','Widowed','Fuller',345,74258,'Santa Justina'),(210,'Feliza','Poppleston','Godard','209621796',93278962489,'1954-01-17','Widowed','David',864,12698,'Ağdam'),(211,'Poppy','Pardon','Murvyn','163713071',27991556922,'1996-07-20','Divorced','Glendale',745,17979,'Gonghe'),(212,'Ringo','Shalcras','Lothario','247822938',58962797374,'1997-02-14','Divorced','Prairieview',234,54027,'Kuala Lumpur'),(213,'Valentine','Lightollers','Alan','955717829',42184934207,'1956-12-22','Widowed','Debra',938,68486,'Opatov'),(214,'Kimbell','Callacher','Nicky','502044103',19062063940,'2001-01-16','Married','3rd',417,56498,'Šabac'),(215,'Regan','Askwith','Sylvan','744267102',88619131717,'1977-09-04','Divorced','Burrows',333,76713,'Basail'),(216,'Leshia','Breadmore','Rube','901519075',79547245382,'1988-02-11','Widowed','Ridgeview',968,54075,'Vanves'),(217,'Myrah','Carlisle','Chico','781496413',49435173703,'1982-08-30','Widowed','Old Gate',518,56616,'Piekielnik'),(218,'Abby','Ulster','Irwinn','184608874',43553235788,'1976-11-01','Divorced','Badeau',638,13123,'La Seyne-sur-Mer'),(219,'Husein','Aubrey','Hamel','610838533',32465371982,'2002-04-16','Single','Melby',894,60682,'Mugala'),(220,'Murray','Brecknall','Keane','322151764',37627233106,'1965-05-02','Single','Hovde',410,35514,'Huangling'),(221,'Oralee','Kloster','Eal','275333512',10221847383,'1972-12-09','Single','Myrtle',23,31539,'Dawuhan'),(222,'Creight','Cubitt','Jayson','440129468',99985220445,'1951-03-29','Divorced','Cherokee',633,65139,'Al Ḩāḑir'),(223,'Jemima','Scholtz','Silvain','931934495',89044706141,'1951-07-20','Single','Comanche',683,46152,'Tres Arroyos'),(224,'Elfrida','Brodbin','Glenden','497415747',36525302635,'1989-09-06','Widowed','Manitowish',225,68422,'Newbiggin'),(225,'Barbabas','Riccio','George','370046326',21768553324,'1972-02-25','Widowed','Mariners Cove',26,80640,'Hanfeng'),(226,'Jerrylee','Willans','Isador','969148239',73566651245,'1996-07-23','Single','Bonner',677,74913,'Tangxian'),(227,'Tiler','Heistermann','Wallis','945098841',75736753005,'1974-04-14','Widowed','Rutledge',660,36532,'Géfyra'),(228,'Hakim','Hambright','Rees','515467811',16322970479,'1952-10-28','Single','Mcbride',290,19572,'Río Viejo'),(229,'Barbie','Giscken','Darrin','268840497',10498196339,'1973-12-17','Single','International',678,87477,'Bristol'),(230,'Lindsey','Mulbry','Wright','256931495',74889560947,'2003-08-13','Widowed','Melody',348,45211,'Dolní Lhota'),(231,'Yuma','Wahlberg','Meryl','364387184',99595199354,'1993-11-12','Widowed','Fair Oaks',509,78161,'Zambujal'),(232,'Fairfax','Meredith','Mickey','441898106',60537258889,'2002-11-10','Married','Shasta',44,55408,'Kasulu'),(233,'Lorain','Lillicrop','Sigfrid','231077076',94876656524,'1993-09-07','Single','Oneill',829,60118,'Languan'),(234,'Keefer','Spinetti','Allyn','372508306',27405886349,'1992-08-12','Single','Summit',920,18112,'Jinghai'),(235,'Jeno','Stonall','James','528606305',79355052945,'1950-08-02','Single','Larry',129,41156,'Trail'),(236,'Lamar','Kornalik','Arv','677688527',10787595154,'1962-03-18','Married','Everett',611,21169,'Zhezqazghan'),(237,'Rawley','Bedenham','Gregory','200316022',61586801561,'1981-07-10','Married','Magdeline',400,12353,'Maputo'),(238,'Marne','Newson','Rand','833761893',35243320218,'1956-08-19','Divorced','Sugar',610,46178,'Evansville'),(239,'Olga','Esbrook','Gibb','944929884',94763983772,'1987-05-10','Married','Forest Dale',424,99455,'Lamia'),(240,'Perry','Dalrymple','Bronnie','305730164',51860620189,'1981-12-13','Widowed','Calypso',767,53836,'Goma'),(241,'Warren','Wyles','Hugibert','206261062',60852822946,'1957-06-19','Married','Park Meadow',193,51125,'Santa Venera'),(242,'Shadow','Bummfrey','Kurtis','384337683',25638241197,'1982-10-02','Divorced','Boyd',722,64463,'Nowa Sarzyna'),(243,'Des','Lathwell','Flint','575262101',93679641518,'1974-10-09','Married','Lien',962,65628,'Xiangyanglu'),(244,'Madeline','Fender','Britt','381140845',28374352816,'1971-08-18','Widowed','North',13,76888,'Vitrolles'),(245,'Pearla','Crother','Gayle','870754129',66245280692,'1982-04-12','Widowed','Green Ridge',556,59371,'Athens'),(246,'Fenelia','Churchward','Peyton','857459087',49276339133,'1985-09-16','Single','Del Mar',599,28712,'Ta’ Xbiex'),(247,'Augustine','Moral','Saxon','977489744',89262441406,'1961-10-04','Married','Thierer',473,33442,'Panorama'),(248,'Tally','List','Domenico','434302780',84400071618,'1993-12-31','Divorced','Redwing',67,38052,'Pulau Tiga'),(249,'Svend','Pays','Jule','264477193',35220235204,'1979-08-03','Divorced','Prentice',255,65568,'Sātkhira'),(250,'Nil','Giacobbo','Buddy','256360487',32766542793,'1986-06-13','Divorced','Glacier Hill',318,26108,'Salcedo'),(251,'Dillie','MacGinlay','Padraic','515191611',44145796045,'1968-07-01','Widowed','Fisk',433,88081,'Jingyu'),(252,'Sandra','Carine','Sanderson','355429042',22192915419,'1992-04-18','Divorced','Lakewood Gardens',250,76748,'Jatake'),(253,'Donn','Bickers','Saunderson','502873908',42135290845,'2003-12-05','Married','Ryan',405,10208,'Cookshire-Eaton'),(254,'Shep','Scolding','Dunstan','780066178',41720062942,'1963-03-14','Divorced','Pankratz',127,96476,'Hualmay'),(255,'Ruby','Jaram','Cirstoforo','388358184',62520345568,'1992-07-18','Widowed','Commercial',909,66581,'Ādilpur'),(256,'Jere','Goodswen','Garry','119642526',36372104168,'1961-07-18','Widowed','Logan',606,56063,'Bolderaja'),(257,'Ario','Hesser','Waring','900965924',65308369896,'1998-10-12','Widowed','Kings',95,22239,'Alejal'),(258,'Richie','Fatharly','Ade','153122405',75313153008,'1960-09-05','Widowed','Tennessee',647,60668,'Hirakata'),(259,'Leda','Wilber','Mendel','253647086',44382331889,'1988-03-05','Single','Bobwhite',425,14322,'Kharabali'),(260,'Leonidas','Dallison','Wally','777507316',51420611575,'1953-06-01','Married','Harbort',907,36355,'São Silvestre'),(261,'Craig','Buchan','Jesus','868906580',78794220540,'1983-05-15','Divorced','Hintze',247,90660,'Tuatuka'),(262,'Dyan','Corbin','Donnie','859036660',78212350980,'1963-07-23','Single','Morningstar',838,39573,'Ḩadādah'),(263,'Colleen','Mattersley','Carlyle','884349940',12833580045,'1954-04-26','Single','Delaware',69,23035,'Radès'),(264,'Hilly','Lownsbrough','Baird','460329911',74011583502,'1993-01-31','Divorced','Gale',22,52912,'Kuliyapitiya'),(265,'Natasha','Fawthrop','Lazaro','510044055',29884982288,'1976-10-27','Divorced','Riverside',80,78254,'Belogorskīy'),(266,'Hasheem','Leving','Jasper','305669998',28178449427,'2001-10-06','Married','Bayside',5,81205,'Taichung'),(267,'Hanan','Ralls','Gunther','467099160',59527603220,'1989-11-23','Divorced','Bobwhite',769,74443,'Lyuban’'),(268,'Alexandrina','Keighley','Bernard','521418622',95184716821,'1962-05-26','Divorced','Moland',712,30614,'Cavinti'),(269,'Erinn','Golland','Rorke','276542963',59962172447,'1985-10-12','Married','Lawn',945,74446,'Pompéia'),(270,'Burg','Murch','Darren','258624052',65447199784,'1950-06-02','Widowed','Mosinee',387,96653,'Reforma'),(271,'Lemmy','Ducker','Fonzie','357349077',62854972461,'1979-06-12','Divorced','Sloan',549,43467,'Hicksville'),(272,'Gaspar','Glader','Hoebart','800480399',96669582388,'1979-09-22','Divorced','Delaware',90,24078,'Sukorejo'),(273,'Drusy','Humberstone','Bartlet','159355483',76825945142,'2000-04-02','Married','Walton',436,91462,'Firenze'),(274,'Theresa','Lotwich','Christophorus','682358368',63204017207,'1968-12-21','Married','Fisk',226,60061,'Yousheng'),(275,'Ganny','McKeowon','Janek','342224962',41767773250,'1998-08-25','Single','Anzinger',156,53135,'Yitang'),(276,'Horatio','Jorioz','Mortie','734276404',17491698759,'1986-03-19','Single','Forest Dale',483,78025,'Tanjungbatu'),(277,'Ange','Chicchetto','Feliks','657835734',32363037773,'1981-01-16','Married','Michigan',816,14350,'Ar Ruţbah'),(278,'Dorine','Fisbey','Gill','964952878',85114594385,'2003-02-05','Divorced','Hayes',51,40889,'Donggang'),(279,'Garv','Budd','Darin','330639158',63300510802,'1965-08-30','Married','Ridge Oak',18,73367,'Nāgarpur'),(280,'Arline','Botly','Devy','573172662',50942411859,'1979-09-02','Married','Maple Wood',346,42160,'Zhaocun'),(281,'Fulvia','McCaster','Damien','647199477',87407723604,'1990-05-28','Married','Becker',265,65512,'Krajan Dua Dawuan Wetan'),(282,'Putnam','Forestall','Dewitt','259756217',50738029658,'1987-09-06','Divorced','Stone Corner',747,84368,'Shuangpu'),(283,'Gayel','Carnalan','Jase','464272349',89827419228,'1994-05-11','Divorced','Mayfield',636,34159,'Stari Grad'),(284,'Pavel','MacGarrity','Cullie','256340258',64293536860,'1997-08-29','Widowed','Carberry',964,85629,'Chesapeake'),(285,'Arnaldo','Frier','Gustav','626621860',77214303327,'1952-11-07','Widowed','Corben',304,40484,'Acton Vale'),(286,'Matty','Maletratt','Dieter','778397272',17537737826,'1957-12-18','Married','Esker',882,43665,'Citampian'),(287,'Jori','Bentjens','Greg','751596531',80534504548,'1971-02-18','Married','Waywood',638,72145,'Shakhun’ya'),(288,'Ardath','Sorensen','Raimund','322312709',12330624103,'1976-11-17','Married','Sherman',339,18065,'Pujilí'),(289,'Elisha','Bugdell','Dave','439523288',75393311847,'1990-05-11','Divorced','Fuller',408,55313,'Krajan Kulon'),(290,'Tallie','Buckwell','Damian','423854025',34275705963,'1988-12-17','Single','Bowman',981,43396,'Babat'),(291,'Hugh','Cicullo','Freedman','321705034',37673559161,'1977-01-11','Married','Bunting',206,42200,'Jiukeng'),(292,'Fayth','Sawell','Luigi','919475018',45267395709,'1959-03-23','Married','Vermont',254,57072,'Jiaokou'),(293,'Blondy','Blesli','Wilmar','928342569',92777628810,'1973-05-20','Widowed','Badeau',118,43702,'Jianshan'),(294,'Sonya','Arnefield','Heinrik','529136911',59818386574,'1971-10-28','Single','Toban',149,45956,'Trnovska Vas'),(295,'Kip','Ottley','Alick','860166983',57586074769,'1995-08-19','Divorced','Gateway',870,55039,'Warsaw'),(296,'Juliana','Lind','Waiter','931989862',72627414166,'1966-05-27','Married','Everett',702,41958,'Tiang'),(297,'Vyky','Stalf','Roberto','919157452',62808949913,'1980-06-22','Single','International',294,42615,'Sovetskiy'),(298,'Amandi','Newbery','Giselbert','383364217',70034760863,'1954-09-02','Single','Charing Cross',80,64555,'Zamora'),(299,'Hyacinthe','Cheake','Tobias','689886090',15017198758,'1952-03-06','Single','Saint Paul',972,29798,'Zernograd'),(300,'Dorice','Sapena','Sol','298124422',21548942505,'1983-01-12','Married','Meadow Ridge',173,47056,'Gabi'),(301,'Lois','Burleton','Benton','353374643',19983967405,'1978-08-21','Married','Bay',404,84321,'Lidu'),(302,'Derek','Leese','Trace','246130097',27585791152,'1997-06-12','Widowed','Blaine',987,41484,'Espinosa'),(303,'Keir','Eckersall','Gardie','796067891',90285180082,'1988-10-30','Married','Florence',772,77471,'Nantes'),(304,'Edythe','Midden','Antonin','249231563',61639967923,'1988-08-21','Married','Alpine',57,92984,'Lyon'),(305,'Naoma','Geldeard','Chancey','283442779',90666894517,'1950-08-17','Single','Oxford',818,11243,'Jiaotang'),(306,'Ransom','Doby','Nye','239310409',19898877110,'1955-04-25','Divorced','Farmco',268,88949,'Şanā’'),(307,'Sidoney','McKellar','Iosep','959281141',13661373627,'1976-06-11','Divorced','Arrowood',785,94133,'Misungwi'),(308,'Tisha','Sanches','Jervis','349516117',63324177596,'1966-05-14','Widowed','Gerald',624,21206,'Castleblayney'),(309,'Monika','Shemmin','Cointon','112871797',52143080638,'1975-04-17','Single','Utah',414,48005,'Xiongbei'),(310,'Jaquenetta','Nesbitt','Tadeas','702031627',44939240640,'1997-12-18','Widowed','Maywood',433,34812,'Dārāb'),(311,'Casandra','Petran','Leland','369843484',46921860298,'1983-08-19','Divorced','Canary',893,73922,'Kunashak'),(312,'Boone','Playden','Andros','466694224',25301550282,'1965-04-13','Single','Farragut',8,70461,'Dashiqiao'),(313,'Jobi','Padefield','Ernesto','534203001',48252675279,'1965-01-19','Married','Sachtjen',855,83071,'Kushar'),(314,'Sue','Treble','Elsworth','597498774',38556533972,'2004-03-13','Married','Doe Crossing',526,55826,'President Roxas'),(315,'Cordi','Spybey','Marcellus','758342782',41680635093,'2004-12-06','Widowed','Eastlawn',92,25892,'Yuandun'),(316,'Dilan','Willox','Hadley','599647435',78810522842,'1976-07-25','Single','Northfield',748,40578,'Ruixi'),(317,'Malena','Twede','Calhoun','325170841',29968876769,'1972-11-07','Married','Cardinal',842,50560,'Kalapadua'),(318,'Leila','Clutton','Codi','925552931',22472639714,'1975-12-20','Married','Weeping Birch',708,51596,'Panjgūr'),(319,'Lexie','Sharratt','Hartwell','733641132',19898041570,'1979-02-11','Widowed','Ryan',452,90718,'Yazykovo'),(320,'Art','Chesshyre','Murry','368597297',38695560421,'2002-04-27','Divorced','Ramsey',236,69420,'Carrasqueira'),(321,'Kyle','Hebblewaite','Merry','547384477',33750803688,'1972-09-08','Single','Maple Wood',27,28125,'Malaryta'),(322,'Dinah','Tertre','Lorry','433893947',99280258288,'2000-06-14','Divorced','Manufacturers',194,98932,'Pasir'),(323,'Rafael','Scarsbrick','Glendon','578880311',29293413623,'2000-11-24','Single','Bluejay',135,60509,'Stalowa Wola'),(324,'Dyanne','Manhare','Parsifal','285097117',51993429244,'2003-09-15','Married','Dorton',733,26955,'Zebrzydowice'),(325,'Rem','Chetwind','Burg','359456194',24224310526,'1996-05-21','Married','Dorton',63,16480,'Jeong'),(326,'Torey','Acey','Gabe','766988482',75751113984,'1965-12-02','Widowed','Wayridge',616,37503,'Hrastnik'),(327,'Kennith','Eustes','Laurens','748642234',38880994565,'1979-05-15','Divorced','Mosinee',299,32084,'Yasnyy'),(328,'Izabel','Simmank','Barn','449934393',38597960970,'1950-08-15','Divorced','Melrose',984,55525,'Engure'),(329,'Redd','Hendrikse','Esteban','921150142',85042218255,'1974-12-15','Single','Buena Vista',636,43121,'Burla'),(330,'Jeralee','Rawls','Ado','636819703',77559481633,'1982-03-27','Widowed','Pearson',768,57652,'Timbaúba'),(331,'Chadwick','McGreal','Tremaine','871858736',79618073893,'1966-07-06','Divorced','Marquette',793,39589,'Carmen de Viboral'),(332,'Ina','Titterton','Lauritz','245924132',99629950247,'1971-11-08','Married','Leroy',115,82148,'Twardogóra'),(333,'Kori','Cornil','Konstantin','518482928',66286748972,'1998-05-01','Single','Almo',257,76202,'Binhailu'),(334,'Charlene','Batten','Fidole','290208957',72931607856,'1973-07-30','Divorced','Coolidge',961,95638,'Néos Oropós'),(335,'Tamarra','Parken','Rouvin','772627213',23288161588,'1978-02-18','Divorced','Cambridge',977,84866,'Emnambithi-Ladysmith'),(336,'Donaugh','Dillaway','Myles','414076192',27726259510,'2004-07-02','Married','Pine View',979,55612,'Cabcaben'),(337,'Neville','Tilbey','Zebulon','248718617',39559251264,'1969-05-01','Married','Fairfield',607,82851,'Heshui'),(338,'Kareem','Fitzsimons','Rowen','548248576',72839734594,'1978-08-23','Married','Melody',238,34507,'Lamia'),(339,'Godard','Stickles','Reynolds','687667094',41878619459,'1971-10-08','Married','Russell',566,96657,'Salinas'),(340,'Ephraim','Heeron','Hersh','970157148',82950489414,'1963-03-22','Divorced','Dahle',588,85446,'Nizhniy Tagil'),(341,'Mag','Strotone','Warden','195319328',18917066056,'2001-03-13','Single','Schmedeman',52,87597,'Poitiers'),(342,'Nicholas','Minico','Aldous','245798759',45470156105,'1950-08-11','Widowed','Golf View',607,43332,'Nanam'),(343,'Hillel','Mattea','Fidole','815878211',53607728457,'1952-06-12','Widowed','Dryden',798,61999,'Ţāmiyah'),(344,'Hamlin','Parysiak','Donny','134470178',16889513291,'1955-05-11','Divorced','Meadow Valley',717,34026,'Madolenihm Municipality Government'),(345,'Dennet','Alu','Uriel','804941202',57275557196,'1961-04-22','Single','Mosinee',317,99925,'Noyon'),(346,'Otes','Papaccio','Pooh','709851321',40276231496,'1996-12-12','Divorced','Hayes',89,77223,'Toulouse'),(347,'Deni','Turtle','Whitman','534530944',92484396369,'1968-05-09','Married','Northview',913,46106,'Yujiao'),(348,'Gloriana','Hickford','Jae','737043778',93757203798,'1972-10-22','Single','Holy Cross',81,20324,'Sorochuco'),(349,'Finlay','Stickney','Braden','654690368',72201332055,'1975-06-22','Widowed','Duke',757,48383,'Athens'),(350,'Gabriella','Trodden','Uriel','443719461',57288508760,'1998-12-08','Married','Bunker Hill',513,29898,'Neglasari'),(351,'Filmore','Venn','Jermain','497820400',14583850328,'1997-01-03','Widowed','Mockingbird',560,13947,'Piñas'),(352,'Anatola','Milward','Baudoin','413699568',90010002775,'1988-06-09','Widowed','Armistice',563,86544,'Shuangshan'),(353,'Cassandre','Beaufoy','Angel','781755453',54250480989,'1979-01-18','Widowed','Karstens',933,28733,'Pingfeng'),(354,'Michele','Thrower','Kaine','440091967',65307075934,'1988-02-17','Single','Mitchell',74,29230,'Trosa'),(355,'Hildagard','Jeffery','Marcel','724531664',58806846824,'1968-07-31','Married','Randy',496,18235,'Baratleke'),(356,'Thekla','Brewett','Waldemar','271902733',82330953065,'1971-12-22','Single','Hanover',428,84795,'Ciawi'),(357,'Florie','Brownbridge','Matthus','130751232',68813235573,'1955-11-09','Single','Warner',908,56118,'Zagórnik'),(358,'Harriott','Santostefano.','Raphael','489172937',48960570742,'1999-03-15','Widowed','Dahle',822,10231,'Shahe'),(359,'Angele','Hortop','Clemente','816260421',64563619189,'1971-02-13','Single','Buhler',193,51442,'Quşrah'),(360,'Emmet','Myhill','Ellswerth','341775529',44165981567,'1977-09-12','Divorced','Oak',559,72832,'Bánica'),(361,'Betsey','Carlucci','Gregoire','590200738',63573042559,'1986-01-25','Widowed','Dapin',592,94213,'Ettelbruck'),(362,'Dale','Pestricke','Adan','738699266',47861007749,'1978-02-11','Single','Kropf',252,73378,'Verd'),(363,'Alicea','Losemann','Konstantine','770548950',99053585802,'1960-07-24','Married','Esch',849,35568,'Jiquinlaca'),(364,'Mia','Scholard','Ricardo','823940464',99736462735,'1983-03-08','Single','Superior',510,22886,'Gävle'),(365,'Erich','Borman','Alva','528377224',99859039637,'1998-02-13','Married','Wayridge',268,94703,'Yilan'),(366,'George','Dymoke','Burk','572790448',97587307927,'1998-09-17','Widowed','Westend',635,46457,'Changxing'),(367,'Addison','Ewenson','Freeland','926006743',55409337765,'1973-10-21','Single','Bartillon',695,93358,'Beausejour'),(368,'Kerstin','Manville','Quintus','659481958',52961363371,'1983-02-08','Divorced','Merry',375,42105,'Merklín'),(369,'Chrystal','Weaben','Garry','248553143',99498010028,'1996-03-06','Married','Barby',795,65192,'Vegreville'),(370,'Fifine','Askwith','Abdel','792414135',34255750574,'1950-08-29','Single','Corscot',672,23779,'Tafo'),(371,'Cullin','Gregorio','Fletch','400985952',53765932464,'2004-06-15','Married','Pine View',292,17866,'Longqiao'),(372,'Karrah','Wherrit','Kayne','810176859',38994199993,'1989-01-20','Single','Oak',520,86795,'Watoona'),(373,'Justen','Goss','Westbrook','332401855',19845678522,'1979-10-25','Single','Del Mar',246,37588,'Menlou'),(374,'Dene','Akenhead','Erhard','745933285',70243739066,'1974-12-07','Widowed','Sloan',586,81934,'Sanshui'),(375,'Doralynne','Lisciandri','Brody','761864585',68188898751,'1994-11-10','Widowed','Columbus',818,22849,'Labytnangi'),(376,'Olivia','Stokey','Giacomo','335651438',66232444358,'1965-10-12','Married','Green',978,75935,'Miðvágur'),(377,'Sherwin','Tunbridge','Mannie','979299421',31385961931,'1950-06-05','Single','Mitchell',432,27949,'Gafargaon'),(378,'Jone','Koeppke','Dilan','618257583',59525596622,'1997-07-31','Single','Kim',216,82585,'Chicago'),(379,'Gavin','Stittle','Geri','793033137',41665783252,'1978-08-25','Widowed','Parkside',284,92333,'Apeldoorn'),(380,'Dina','McCaighey','Colin','370433357',23157269980,'1983-04-25','Single','Duke',465,21146,'Xubao'),(381,'Mareah','Ville','Dene','176868445',60636980701,'1957-10-31','Married','Butternut',821,11931,'Los Angeles'),(382,'Ashlie','Nugent','Rem','581276445',21803484641,'1963-09-21','Widowed','Ramsey',773,62144,'Pedro García'),(383,'Kerby','Humby','Anatol','405834928',77196035554,'1984-07-09','Divorced','Barby',994,33742,'Kihancha'),(384,'Verney','Mingotti','Jonah','878636503',64127952355,'1964-06-21','Single','Kropf',732,68055,'Aku'),(385,'Spence','Dobrowolski','Zeb','901174519',82950407665,'1982-05-18','Single','Algoma',983,86565,'Ibagué'),(386,'Clo','Kanzler','Leroy','499100583',39503111670,'1972-02-04','Widowed','Petterle',309,49406,'Piekoszów'),(387,'Pen','Stoddart','Burgess','187229615',10534766073,'1989-02-25','Divorced','Hauk',289,49389,'Paris 14'),(388,'Tyson','Haye','Ahmad','249328047',51506931195,'1957-06-29','Widowed','Lakewood',638,26864,'Alor Setar'),(389,'Brian','Dummer','Mahmud','803013179',62413358590,'1975-09-28','Divorced','Golf',602,84232,'San Diego'),(390,'Alida','Soares','Yanaton','643385924',31928960512,'1961-03-07','Widowed','1st',750,82906,'Novyy Oskol'),(391,'Waverley','Cicerone','Arlan','732243657',64985990662,'2004-07-29','Single','Thackeray',519,98591,'Vigo'),(392,'Corene','Cock','Manny','546849326',98129970703,'1964-06-23','Widowed','Warrior',246,77262,'Novokhopërsk'),(393,'Sandye','Byng','Brandy','185473696',29279512085,'1973-03-01','Married','Crownhardt',732,42637,'Amparafaravola'),(394,'Haley','Baser','Dion','157274883',78538712599,'1959-05-07','Widowed','John Wall',431,25086,'Moriyama'),(395,'Emlynn','Leppo','Radcliffe','281025771',69171602972,'1951-09-01','Divorced','Huxley',272,73395,'Alvalade'),(396,'Tucker','Tennison','Lorenzo','721129149',88422082078,'2004-12-02','Married','Huxley',55,39108,'Faqqū‘ah'),(397,'Kakalina','Sterling','Dionisio','912018018',57437808165,'1991-11-04','Divorced','Sullivan',113,34243,'Sugiharjo'),(398,'Gardener','Slyford','Brewer','436878916',67092121128,'1950-02-03','Married','Boyd',677,14057,'Yeşilköy'),(399,'Chilton','Warder','Wilfrid','425442521',22841026089,'1969-08-18','Widowed','Bonner',27,79027,'Dokuchayevs’k'),(400,'Norine','Cowill','Burtie','297785797',61804840490,'1959-06-12','Divorced','Sauthoff',820,75995,'Totoral'),(401,'Gideon','Metschke','Edmund','460463191',54280939052,'1973-11-15','Single','Aberg',554,47876,'Gungguh'),(402,'Zaria','Crank','Jessie','223835060',44253234735,'1996-09-23','Single','Shopko',956,91338,'Timurlorong'),(403,'Quintin','Cruces','Monro','708076884',89170134581,'1964-05-10','Divorced','Iowa',122,57266,'Pengfang'),(404,'Wilma','Langhorn','Nicholas','595450208',81080419893,'1986-12-08','Married','Hagan',788,18510,'Morondava'),(405,'Jenilee','Cundict','Eric','210875041',99691431484,'1994-10-25','Divorced','Annamark',402,26474,'North Perth'),(406,'Lulita','Mangham','Kain','551033353',53670921792,'1995-02-12','Single','Stoughton',591,36011,'Duque de Caxias'),(407,'Brian','Sydry','Diarmid','712375127',92670428736,'1980-01-14','Married','6th',290,29052,'Esik'),(408,'Lusa','McMoyer','Curry','715742856',94885889608,'1974-08-01','Single','Grasskamp',830,38318,'Kampánis'),(409,'Merrel','Imlin','Xever','740605352',99401303626,'1956-09-17','Divorced','Helena',143,26468,'Urung'),(410,'Bogey','Gurrado','Monti','343028521',80811935327,'1973-12-17','Divorced','Vidon',619,43126,'Jetak Kulon'),(411,'Lucho','Eakle','Eddie','125617195',74547619425,'1964-10-20','Widowed','Vahlen',135,22889,'Suzhou'),(412,'Allister','Gotthard.sf','Stevie','384364155',29306373734,'1964-01-07','Married','Commercial',416,55151,'Shajing'),(413,'Essa','Addlestone','Wyatan','293781131',54892144237,'1986-04-02','Divorced','Little Fleur',55,84541,'Kaesŏng'),(414,'Vince','Fossord','Hermann','549775022',41749333617,'1951-12-29','Divorced','Helena',329,18879,'Santo António'),(415,'Grange','Kyne','Nye','650684692',98761557623,'2002-12-18','Widowed','Buhler',810,58719,'Maribong'),(416,'Charil','Salling','Andre','896015447',75346093707,'1984-08-09','Divorced','Hagan',133,20027,'Burgau'),(417,'Patrizia','Silk','Brendon','602208603',30804895372,'1996-03-26','Divorced','High Crossing',743,98662,'Posadas'),(418,'Frasco','Brounfield','Palmer','638177818',51939755660,'1950-08-07','Married','Erie',407,25491,'Tojeira'),(419,'Moria','Rowlson','Wallis','420897098',38000166549,'1984-05-28','Single','Maryland',892,98131,'Cochadas'),(420,'Dody','Bleckly','Sonny','331791960',90063775384,'1995-07-25','Widowed','Merry',785,15516,'Jiabeiyan'),(421,'Devland','Leaming','Gardener','139360017',14247478943,'1961-04-23','Widowed','Lindbergh',9,33174,'Vnanje Gorice'),(422,'Jane','Geldard','Jasun','370289218',85532853921,'1998-05-09','Single','John Wall',419,22823,'Matos da Ranha'),(423,'Ewart','Twaits','Alaster','381554249',21927356067,'1988-05-29','Divorced','Elka',256,24985,'Krajan'),(424,'Kristoffer','Kernan','Raffaello','795006267',98523940518,'1980-09-27','Widowed','Ohio',591,91245,'Sindon'),(425,'Lezlie','Cox','Jud','380397754',86234703534,'2001-07-18','Widowed','Burrows',983,45707,'Osiek'),(426,'Goldy','Scadding','Dare','810382144',59987486384,'1993-10-15','Married','Artisan',419,52415,'Labuhan'),(427,'Giulietta','Woolmington','Franky','766785771',37761803953,'1955-06-07','Single','Swallow',341,39830,'São Luís'),(428,'Rowe','McDirmid','Douglass','142122585',98737317555,'1960-01-09','Divorced','Sutteridge',213,47653,'Agkathiá'),(429,'Almire','Rehor','Franciskus','205457826',99667265204,'1959-02-21','Divorced','Artisan',205,48513,'Châtillon'),(430,'Robinette','Boichat','Dane','503370388',39630038725,'1982-07-18','Married','Moland',572,90421,'Campelos'),(431,'Georgia','MacPeake','Moshe','942813944',79718803144,'1957-12-25','Married','Banding',3,43731,'Embu'),(432,'Antin','Urling','Steffen','937768488',54449735368,'1958-10-13','Single','Mayer',458,12324,'Kotabaru'),(433,'Dilan','Sumpton','Gradey','444674855',40326866636,'1970-10-11','Married','Stuart',535,98523,'Phetchabun'),(434,'Jamie','Cryer','Antonius','545304522',72323237585,'1966-11-05','Single','Pleasure',442,24148,'Phaya Thai'),(435,'Lonnard','Prahl','Graham','429222854',84659734229,'1982-09-12','Widowed','Division',41,72189,'Skaudvilė'),(436,'Jamil','Tirrell','Roth','298326568',13365069526,'1996-02-26','Widowed','Brickson Park',406,46712,'Raydah'),(437,'Bil','Foddy','Millard','252025439',92073371351,'1962-12-02','Single','Hovde',292,27220,'La Esperanza'),(438,'Vere','Lewsley','Mateo','295269601',45510461161,'1969-08-30','Widowed','Crowley',445,53317,'Madison'),(439,'Sayer','Zanicchelli','Jessey','957328923',50481800944,'1954-06-26','Married','Burrows',884,36669,'Lalupon'),(440,'Penny','Cerman','Ganny','335648638',50050344699,'2002-01-21','Widowed','Arrowood',604,66422,'Dębno'),(441,'Demott','Karsh','Jamill','198509672',46740940539,'1970-12-28','Single','Arkansas',740,48125,'Bhisho'),(442,'Ardelia','Pontefract','Car','224803409',25922938626,'1976-12-19','Widowed','Union',988,68148,'Zambujeira do Mar'),(443,'Amery','Cookman','Iain','505281054',72921515782,'1989-02-21','Widowed','Cardinal',383,36806,'Cabo Frio'),(444,'Marrissa','Waltering','Ransom','329972316',12239996682,'1986-05-09','Divorced','Schmedeman',643,13989,'Sagana'),(445,'Jacquenette','McMechan','Olin','476407578',39659996941,'1993-03-11','Married','Express',410,18477,'Boguszów-Gorce'),(446,'Claudette','Brigge','Forbes','670563007',21779441425,'1987-03-06','Divorced','Algoma',723,40918,'Mar del Plata'),(447,'Harman','Vlasyuk','Salvador','592091900',43926972178,'1969-01-23','Widowed','Paget',456,55990,'Banjar Pangkungtibah Selatan'),(448,'Clint','Pitkin','Tim','850420493',51399304980,'1986-03-31','Divorced','Riverside',5,64661,'Poljčane'),(449,'Read','Lorens','Ulysses','237450261',80108291860,'1978-04-13','Divorced','Talisman',863,13917,'Frederiksberg'),(450,'Modesty','Deas','Care','792382179',55474374423,'1986-06-04','Divorced','Corry',809,77863,'Citatah Kaler'),(451,'Katie','Lodin','Brandon','349579788',54470567710,'1983-01-18','Single','Prentice',775,59635,'Bieto'),(452,'Shannan','Jahncke','Yankee','538761630',23196116770,'1951-09-20','Divorced','Veith',450,10487,'Marieville'),(453,'Axe','Danielli','Garald','398396162',86451349290,'1953-05-21','Divorced','Crest Line',828,13980,'Vrýses'),(454,'Doria','Burdess','Matthias','186977428',67918227244,'1952-06-09','Single','Algoma',216,22821,'Cobre'),(455,'Boonie','Offell','Wilbur','482939155',55251093295,'1996-11-28','Single','Heath',355,22861,'Jevremovac'),(456,'Eleanor','Rebert','Ellary','326715830',97909868344,'1966-04-21','Widowed','Anderson',710,48430,'Ciracap'),(457,'Christine','McPhillimey','Ryon','110951262',85875255099,'1968-05-28','Widowed','Thierer',500,67161,'Pointe-à-Pitre'),(458,'Emory','Elflain','Eldridge','703496117',43769497404,'1991-03-24','Single','Ohio',316,37130,'Cholargós'),(459,'Meredithe','Scane','Dwayne','861045285',76977792827,'1951-11-25','Married','Shopko',27,46511,'Hulan'),(460,'Earvin','Senn','Fairleigh','430764941',52806297414,'1996-09-05','Widowed','Judy',437,30320,'Maliang'),(461,'Patricia','MacCostye','Antin','662012279',74375169880,'1970-11-18','Single','Sycamore',551,89173,'Cibaregbeg Dua'),(462,'Durand','Lemoir','Laird','776702181',81310009176,'1965-06-29','Divorced','Barby',75,89006,'Berezne'),(463,'Alano','McQuillin','Teddie','141740699',18185193306,'1995-06-08','Single','Judy',516,22925,'Otavi'),(464,'Jase','Kopf','Jabez','462881523',57719793505,'1993-08-02','Single','Jana',94,59834,'Bao’an'),(465,'Morten','Beyn','Kippar','516782638',84671883106,'1998-02-15','Single','Farmco',730,53834,'Mirabel'),(466,'Lee','Scarff','Enos','890329207',16948692843,'1960-03-19','Widowed','Namekagon',649,97416,'Jīwani'),(467,'Marylynne','Sigart','Rafael','307361003',54312503150,'1995-09-29','Married','Grim',544,59266,'Bulo'),(468,'Berke','McCumesky','Washington','278870430',91019429743,'1985-02-26','Widowed','Thierer',406,95858,'Kezileboyi'),(469,'Abbey','Ponceford','Ezequiel','173260666',65674258295,'1952-02-12','Widowed','Petterle',766,78422,'Ouro Branco'),(470,'Nefen','Wildman','Alastair','985765584',13827876731,'1995-06-21','Single','David',846,96776,'Niutang'),(471,'Kellina','Hurworth','Ephraim','471793603',50189715324,'1985-04-01','Married','Namekagon',583,23626,'Borås'),(472,'Paulie','Caroli','Robbie','355344916',57741535114,'1970-12-14','Single','Karstens',959,96744,'Petřvald'),(473,'Tomi','Keenlayside','Jay','157592955',94698227600,'1976-04-11','Single','Waubesa',506,65683,'Kirzhach'),(474,'Noni','Fobidge','Trace','208016706',16638601106,'1981-12-11','Married','International',608,47214,'Xinbao'),(475,'Harli','Ghost','Issiah','800636437',61143672735,'1972-03-03','Widowed','Nelson',892,50792,'Siemianowice Śląskie'),(476,'Jeffie','Dunster','Ignazio','551146492',74897106851,'1963-09-16','Widowed','Knutson',642,21285,'Cankuzo'),(477,'Joshuah','Kitchaside','Douglas','508783406',46617356204,'1974-09-05','Married','Mendota',477,68062,'Merkezköy'),(478,'Lyndsay','Haddow','Zolly','498782322',66891065265,'1968-07-21','Single','Derek',976,53086,'Pecatu'),(479,'Lemmie','Gerty','Dew','729944820',83694127028,'1966-09-21','Widowed','Express',262,60723,'Tidaholm'),(480,'Norry','Vidgen','Silas','382455490',94177445820,'1952-02-20','Widowed','Prentice',710,36606,'Ljungbyholm'),(481,'Donni','Denial','Rance','628812843',85291329469,'1987-02-12','Married','Eastlawn',973,57520,'Niitsu-honchō'),(482,'Woodman','Buttner','Brander','886660877',65672439743,'1978-07-22','Single','Quincy',617,87923,'Eastern Suburbs Mc'),(483,'Raimund','Giocannoni','Thayne','893862220',27421837253,'1990-06-11','Divorced','Carpenter',97,92645,'Herong'),(484,'Pernell','Stockney','Ruby','768670358',76439144391,'1978-12-30','Divorced','Talmadge',465,69327,'Vistino'),(485,'Wilmar','Lehenmann','Der','432279059',53650048973,'1997-09-10','Single','Waxwing',623,82792,'Butungan'),(486,'Donovan','Alderton','Ibrahim','268442498',20917856206,'1999-08-16','Single','Sherman',745,31925,'Tolitoli'),(487,'Bryana','Saggers','Kingston','548945246',99752650701,'1966-05-02','Married','Nova',706,13713,'Garoua Boulaï'),(488,'Ramona','Nisuis','Geno','812121729',18197858265,'1962-07-14','Widowed','Vahlen',926,88469,'Messina'),(489,'Salvidor','Gawkes','Ferdie','443393422',63808358362,'1973-12-18','Divorced','Fallview',654,78191,'Paagahan'),(490,'Rora','Gravatt','Edouard','117333937',60942411744,'1958-01-14','Divorced','Schurz',669,49320,'Taimaman'),(491,'Hieronymus','Elstone','Javier','862771916',45038299105,'2002-09-25','Divorced','Mccormick',792,70453,'Tuojiang'),(492,'Kiersten','Gladyer','Mathias','808513221',56058021867,'1970-07-03','Single','Badeau',696,69076,'Ostrówek'),(493,'Norene','Fautley','Clarence','992034554',49016834030,'1979-03-18','Single','Jana',851,97123,'Stara Kiszewa'),(494,'Merv','Waything','Edan','485099241',60172781552,'1968-08-06','Widowed','Veith',719,30498,'Huallanca'),(495,'Denna','Atthow','Aubrey','601268451',89089394674,'1954-08-30','Married','Fairview',144,18624,'Xiangshan'),(496,'Chloe','Adenet','Morey','339118104',12539742196,'1952-01-19','Married','Chinook',211,78615,'Pital'),(497,'Lulu','Awton','Der','357274083',60749924347,'1978-08-28','Single','Warrior',821,16926,'Famagusta'),(498,'Lindy','Malt','Odo','911698855',50174281725,'2002-02-18','Single','Mcguire',55,11084,'Sukorejo'),(499,'Adaline','Stuke','Briant','668377008',68298303486,'1970-01-22','Divorced','Troy',410,99972,'Martin'),(500,'Andrew','Allridge','Flinn','739122622',31369422851,'1958-10-12','Married','Dunning',866,25181,'Górzno'),(501,'Byram','Ugoletti','Gabbie','517109765',97850910725,'1976-07-24','Divorced','Stone Corner',453,88060,'Olszanica'),(502,'Bentlee','Gauch','Chrotoem','683997449',32673523721,'1996-10-16','Married','Elka',222,87082,'Neuquén'),(503,'Mildrid','Raddin','Derron','970201945',11563206667,'1960-04-27','Married','Debra',685,97564,'Mercedes'),(504,'Jenda','Devereu','Gabriele','151136455',35866929164,'1976-10-05','Married','Ridgeview',764,13989,'Huanglian'),(505,'Obidiah','Hitscher','Cirillo','554343318',86752454667,'1997-12-18','Married','Linden',981,45328,'Wakayama-shi'),(506,'Stephannie','Echallie','Guglielmo','873321461',97569425423,'1971-05-05','Single','Calypso',509,18466,'El Jícaro'),(507,'Ben','Joscelyne','Sebastian','688486284',56244619282,'1982-03-22','Married','Amoth',340,40658,'Lomme'),(508,'Caterina','Linton','Yanaton','497025611',20342704148,'2004-08-17','Divorced','Sunfield',648,36405,'Orhon'),(509,'Aymer','Bransby','Corney','135661645',84966492183,'1985-01-29','Widowed','Spaight',412,42351,'Quchomo'),(510,'Krishnah','MacPake','Gunter','456968555',97793607704,'1996-02-18','Single','Killdeer',72,85748,'Norsborg'),(511,'Bertine','Thwaite','Forest','697404524',39136716843,'1965-05-11','Divorced','Derek',151,80652,'Caçador'),(512,'Farlay','Hise','Rawley','796295948',92199053365,'1966-07-03','Divorced','Mariners Cove',413,71694,'Gaio'),(513,'Kelsey','Klousner','Barris','551354430',95822661693,'1968-05-26','Married','Browning',885,76008,'Angers'),(514,'Cassandra','Torricella','Ricardo','419017816',28553955390,'2000-07-24','Single','Longview',286,79270,'San Diego'),(515,'Bathsheba','Cleft','Reider','925246061',88183105605,'1978-06-14','Widowed','Arapahoe',972,94951,'Charlton'),(516,'Anet','Boneham','Raoul','562831223',76445698121,'1995-11-04','Widowed','Raven',806,22548,'Coxim'),(517,'Alan','Yanson','Camey','404013816',54390089803,'2003-12-30','Single','Del Mar',383,13166,'Zoetermeer'),(518,'Nobie','Tosspell','Ara','695401509',53030438992,'1990-05-16','Single','Mitchell',4,12803,'Lyon'),(519,'Cal','Stonnell','Webster','754991650',58629662802,'1995-12-12','Married','Mcbride',973,37539,'Āsbe Teferī'),(520,'Kiersten','Uc','Luce','500415162',69252835418,'1983-03-05','Single','Cordelia',331,41876,'Baton Rouge'),(521,'Celestia','Astbury','Hebert','152013928',89727608923,'1972-10-10','Widowed','Aberg',184,69673,'Nyima'),(522,'Clarine','Spinige','Fabian','861340495',11990771804,'1969-06-07','Married','Clemons',679,97708,'Segodim'),(523,'Wynne','Burlay','Joseph','418004595',79136286819,'1976-10-20','Married','Cascade',330,98051,'Krajan Pocangan'),(524,'Marline','Dodshun','Tabbie','929532066',82182514795,'1986-11-22','Married','Towne',855,30773,'Dzaoudzi'),(525,'Anabal','Chicco','Guillermo','631905956',77423274091,'1967-04-22','Single','Daystar',416,22232,'Varniai'),(526,'Allina','Jacob','Robbie','276457083',30127777899,'1994-12-03','Single','Dunning',536,92346,'Trenton'),(527,'Iosep','Sokale','Wilden','512088804',24373241966,'1989-09-27','Married','Moose',921,37631,'Yaransk'),(528,'Vinnie','Bott','Brook','609145046',11551910001,'1960-10-09','Widowed','Hansons',697,22541,'Xiangjiazhai'),(529,'Florance','Desborough','Raddie','813510877',83786164341,'1965-03-21','Divorced','Algoma',415,76743,'Heshi'),(530,'Kaiser','Stennings','Reed','566311892',10376874105,'2003-12-27','Divorced','Ramsey',808,68688,'Siaya'),(531,'Manda','Troake','Trevar','461421901',93041191041,'1980-02-11','Divorced','Mariners Cove',402,32937,'Kilingi-Nõmme'),(532,'Tait','Lorkins','Phillipe','802125691',55927982211,'1960-10-19','Divorced','Elmside',781,10351,'Hampton'),(533,'Hartwell','Biasioli','Lon','729667809',86189000837,'1988-03-15','Divorced','Randy',215,91762,'Rominimbang'),(534,'Rozella','Schapero','Ham','785870853',68910925966,'1973-08-23','Divorced','Westport',658,82954,'Dangcalan'),(535,'Itch','Swaffield','Joel','884548375',97030154384,'1957-02-22','Divorced','Nova',347,46568,'Itacarambi'),(536,'Ketty','Kinglake','Darrel','584263297',56501086353,'1965-10-21','Married','Mifflin',195,43084,'Kato Pyrgos'),(537,'Davin','Goold','Humberto','175107814',99295864980,'1957-10-16','Single','Brown',518,80055,'Tumba'),(538,'Truman','Sneezem','Wainwright','214165596',49292052630,'2001-06-05','Widowed','Graedel',265,62386,'Aldeia de Juzo'),(539,'Nealy','Dorracott','Willdon','730865696',11691051162,'1990-05-03','Widowed','Hansons',944,81674,'Canggang'),(540,'Ezequiel','Lumby','Crichton','376370806',69587699867,'1987-06-28','Married','Michigan',490,49876,'Cangzhou'),(541,'Salvidor','Duffit','Kin','917234923',73866414236,'1999-12-05','Divorced','Ramsey',556,33265,'Banjar Delodrurung'),(542,'Eldredge','Drury','Parrnell','849659125',54336358562,'1998-09-19','Divorced','Warbler',421,65835,'Chunmuying'),(543,'Janice','Helsby','Timoteo','881284650',80739575972,'1991-07-04','Single','Blue Bill Park',952,94010,'Silgueiros'),(544,'Anny','Cowp','Abey','263448184',77147146406,'2000-12-23','Single','Mandrake',655,70230,'Daqiao'),(545,'Ignace','Woolmington','Oswald','418823471',59305797798,'1973-03-20','Single','Rigney',961,58958,'Jiefang'),(546,'Olin','Gooding','Noe','127161644',27638614187,'1998-07-15','Single','Harbort',851,46465,'Fuquan'),(547,'Jessie','Andree','Terry','564910024',41593079981,'1973-08-06','Divorced','Sherman',435,83483,'Huangfang'),(548,'Ferguson','Hathway','Bastien','698851833',91908802738,'1977-01-18','Divorced','Ridgeview',533,45405,'Shitan'),(549,'Drud','Macy','Ikey','194078477',28208146612,'1979-06-12','Widowed','Miller',425,60808,'Kiruna'),(550,'Karlis','Trevithick','Moishe','966404616',27570989245,'1990-12-25','Widowed','Roxbury',867,16797,'Shangyang'),(551,'Donica','Bartolomieu','Holly','736713187',31608711358,'1985-01-03','Married','Farwell',531,15243,'Yaopi'),(552,'Cello','Ondrich','Laurens','649840351',28133157057,'1965-12-26','Divorced','Cody',570,62551,'Hanover'),(553,'Alasdair','Trevallion','Ray','806536091',19707062468,'1979-10-27','Single','Westerfield',879,27767,'Načeradec'),(554,'Jennie','Fardell','Sergent','252667728',99466430670,'1961-10-25','Divorced','Stoughton',36,65619,'Fagatogo'),(555,'Benny','Wimbridge','Reuven','904404712',96340052185,'1979-06-10','Widowed','Rowland',827,57260,'Saint-Pierre'),(556,'Faith','Zum Felde','Sansone','124117568',29894592730,'1990-07-12','Married','Glacier Hill',788,75836,'Cajamarca'),(557,'Yankee','Becker','Arlan','786648175',86157527258,'1985-12-13','Widowed','Rusk',791,48131,'Gafanha da Encarnação'),(558,'Teddie','Brittian','Erastus','629674808',54255118555,'1967-03-15','Single','Arapahoe',771,89586,'Minneapolis'),(559,'Josefa','Topliss','Tait','759226267',60629059809,'1980-11-19','Widowed','Mosinee',895,79172,'Yanji'),(560,'Janeen','Hagley','August','223264785',42968189154,'1997-09-02','Single','Butternut',624,16406,'Suchań'),(561,'Una','Wheadon','Demetrius','923164026',32732489955,'1950-04-10','Married','Forster',592,42974,'Saint-Dié-des-Vosges'),(562,'Maisey','Wank','Enrique','181617748',76983060712,'1950-06-23','Widowed','Warrior',59,89137,'Jerada'),(563,'Verine','Spindler','Adelbert','569241232',79014078699,'1978-07-03','Widowed','Oriole',343,47046,'Ushuaia'),(564,'Lilllie','Seiller','Pren','923937128',46329161968,'1975-10-17','Single','Meadow Ridge',880,65911,'Huashixia'),(565,'Julina','Lappin','Felipe','279477319',34112276722,'1990-04-06','Married','Hoepker',273,56573,'Franca'),(566,'Idelle','Ferandez','Rockie','778200215',28096071924,'1964-07-09','Married','Cherokee',838,81000,'Marseille'),(567,'Chrystel','Pilger','Fredric','371565257',24959977723,'1992-06-12','Married','Brickson Park',390,82931,'Vetluzhskiy'),(568,'Becca','Cardozo','Richard','215955994',69710227708,'1972-10-02','Married','Blackbird',442,56664,'Veyno'),(569,'Aldo','Copcote','Dimitri','104380555',23806224638,'1955-12-18','Married','Elka',67,15721,'Laowobao'),(570,'Vaughan','Webburn','Gideon','199418303',54649686276,'1989-11-07','Single','John Wall',772,45508,'Bayḩān'),(571,'Sibella','Geraldini','Reinhard','379302640',26143844616,'1972-12-23','Widowed','Golden Leaf',16,42723,'Tournan-en-Brie'),(572,'Cordey','Eneas','Reggis','359900186',22093007113,'1976-12-09','Widowed','Mockingbird',62,60579,'Putrajaya'),(573,'Kellie','Alflat','Chadwick','480790687',80234359051,'2001-04-21','Divorced','Sunnyside',915,52296,'Poja Nae'),(574,'Eran','Cohalan','Allyn','108631509',98541029645,'1988-11-19','Single','Steensland',812,25819,'Alíartos'),(575,'Georgeanne','Catlin','Teador','459901869',92272912654,'1988-01-27','Single','Manitowish',658,94459,'Shali'),(576,'Emilee','Geibel','Rhett','514065256',53745781012,'2002-09-27','Single','Nelson',649,19742,'Radviliskis'),(577,'Devlen','Childerley','Graehme','771566924',78421223701,'1978-11-29','Married','Jana',427,40228,'Bekondo'),(578,'Catlin','Bruckner','Kahaleel','549854051',45612427548,'1964-10-29','Divorced','Ridgeway',488,32624,'Tengah'),(579,'Andie','McConnal','Scotti','631877758',27425745180,'1961-05-23','Single','Truax',247,11481,'Vällingby'),(580,'Agathe','Huyghe','Townie','917318559',76718180638,'1969-07-18','Divorced','Blaine',285,82266,'Balas'),(581,'Riccardo','Loukes','Clevie','212800681',74974308637,'2002-06-30','Married','La Follette',254,54255,'Jixiang'),(582,'Base','Smails','Umberto','565403924',64321227044,'1953-10-28','Widowed','Goodland',496,83442,'Zanjān'),(583,'Sascha','Schirak','Magnum','643689581',53480229157,'1993-08-25','Widowed','Sunnyside',465,91612,'Gludug'),(584,'Rhianon','Gladeche','Lionel','401732641',23817111851,'2004-02-03','Married','Ryan',894,95561,'Bŭstonqal’a'),(585,'Lemmy','Assiter','Cornall','240006589',45633939761,'1967-09-04','Widowed','American Ash',932,31325,'Darwin'),(586,'Timothea','Attwoull','Chen','602690733',95760550197,'1987-07-18','Married','Burning Wood',896,55327,'Fengchuan'),(587,'Brietta','Hotchkin','Erasmus','110822479',53211195701,'1963-05-13','Widowed','Portage',79,65496,'Krasnotur’insk'),(588,'Yolane','Vedenyakin','Frants','665069890',56468646197,'1981-01-17','Widowed','Milwaukee',840,90586,'Nytva'),(589,'Lanita','Addicott','Ebeneser','122707597',46505552182,'1975-08-28','Single','Golden Leaf',488,68782,'Quvasoy'),(590,'Joelynn','Wilhelmy','Eamon','864622585',73256192319,'1988-12-22','Divorced','Glendale',197,35769,'Niños Heroes'),(591,'Courtney','Strode','Cesare','996414649',29396584773,'1997-06-17','Married','Buhler',525,32522,'Sunampe'),(592,'Addy','Oldnall','Ronnie','836625491',41275672902,'1955-06-03','Divorced','Meadow Ridge',761,53005,'Shilong'),(593,'Conny','Rule','Robers','967521227',75287406920,'1988-12-05','Widowed','Surrey',545,77412,'Phatthana Nikhom'),(594,'Nadine','felip','Taber','703523624',61769034062,'1966-04-01','Widowed','Ruskin',682,90494,'Cimo de Vila'),(595,'Constantina','Sisland','Augustus','382378984',50032216400,'1987-01-14','Married','Morningstar',892,21993,'Dushk'),(596,'Gram','Hazlehurst','Giffard','208890881',72949270867,'1999-04-12','Single','Erie',271,91546,'Nentón'),(597,'Mareah','Whifen','Ben','440773855',52025379156,'1998-11-12','Married','Hauk',934,95202,'Guanli'),(598,'Lela','Selvester','Trent','237952017',24873150805,'1987-09-15','Married','Pawling',846,93717,'Rio Grande'),(599,'Austin','Cisson','Lanny','474976183',41587566937,'1980-08-15','Single','Sauthoff',823,46176,'Roberval'),(600,'Celka','Cracker','Yank','539463390',96990873948,'1962-02-02','Single','Badeau',829,77388,'Hangkou'),(601,'Jarrid','Hawksley','Gallard','371804949',50225056092,'1972-12-25','Divorced','Truax',213,19803,'Čáslav'),(602,'Andrew','La Torre','Andre','244699674',50241915230,'1979-04-14','Single','Mesta',448,43698,'Paris 19'),(603,'Jacob','O\'Duane','Tann','889829954',21696833893,'1990-04-27','Divorced','Heath',707,14930,'Avignon'),(604,'Charlot','Bezley','Duke','827612253',24342997351,'2000-08-28','Widowed','Ohio',458,49661,'Vide'),(605,'Cyndi','Groves','Reagen','675915098',87348250985,'1952-08-25','Single','Anzinger',233,83178,'Borås'),(606,'Addia','Hales','Elbert','108771380',51851135347,'1973-01-02','Widowed','Shasta',820,70499,'Kavalerovo'),(607,'Garv','Abels','Bary','896707880',58580724089,'1989-02-02','Widowed','East',81,38858,'Shashemenē'),(608,'Aurelia','Hotson','Pascale','263172083',15835621756,'1975-02-26','Widowed','Bunker Hill',726,68090,'Ngulung Wetan'),(609,'Marilyn','Jukubczak','Noach','786727346',52353902975,'1976-01-04','Widowed','Northfield',816,11358,'Dunhao'),(610,'Moyra','Hyndman','Phillipe','807468343',45733759369,'1963-02-22','Divorced','Dahle',872,87735,'Le Tampon'),(611,'Robby','Curtis','Gasper','797934734',89704089994,'1973-03-04','Married','2nd',803,35474,'Mount Ayliff'),(612,'Hanan','Le Ball','Delmar','385798494',50443659658,'1969-08-03','Widowed','Badeau',591,42503,'Apt'),(613,'Bambie','Beamont','Borg','675518153',22003247502,'1997-01-26','Single','Mccormick',160,41564,'Hongguang'),(614,'Drake','Lowbridge','Maxie','799195390',31532296591,'2000-06-12','Married','Center',614,78946,'Jinshi'),(615,'Spike','Adanet','Waylen','707202268',15460632987,'1952-04-28','Divorced','Coolidge',911,63891,'Dongxin'),(616,'Bourke','Warn','Bern','986062086',98873387422,'1966-12-18','Divorced','Dwight',500,16912,'Hakui'),(617,'Kat','Scotchmoor','Ave','704739707',26093111711,'1967-06-17','Single','Tennyson',317,23880,'Khulm'),(618,'Flint','Frissell','Claiborn','608882771',76106262945,'1950-07-06','Divorced','Waywood',632,25817,'Dinahican'),(619,'Russ','Adshed','Aurthur','876798926',59795220900,'1964-10-15','Married','Anzinger',982,82992,'Huité'),(620,'Faina','Dingivan','Remington','462285707',78636525990,'1982-03-28','Widowed','Thompson',435,11633,'Yakutsk'),(621,'Gare','Rubke','Ferguson','484078635',15188134323,'1999-12-13','Married','Dovetail',697,21375,'Qingu'),(622,'Godfrey','Butte','Leon','655648621',32460859828,'1964-12-24','Divorced','Shoshone',693,59411,'Baganga'),(623,'Forbes','Allitt','Norton','351572230',40070449588,'1991-07-20','Divorced','Dovetail',76,19348,'Tía Juana'),(624,'Killie','Foote','Townie','143894696',53618354613,'1978-05-12','Widowed','Chinook',943,67201,'San Juan'),(625,'Skipton','Mifflin','Chester','245519185',73406785975,'1965-09-30','Married','Merry',548,52770,'Pukë'),(626,'Peadar','Cornbell','Alair','740244115',50288847287,'1981-09-12','Widowed','Rockefeller',149,88796,'Podwilk'),(627,'Shanie','Wortley','Harris','742812283',76221843899,'1979-07-09','Widowed','Oak Valley',7,51914,'Boto'),(628,'Benji','Spyer','Jeddy','901182456',51918244284,'1958-04-17','Divorced','Cambridge',11,51631,'São Miguel do Rio Torto'),(629,'Valaria','McDonald','Ruddie','364066622',62613064128,'1999-07-09','Divorced','Monica',86,62495,'Oetua'),(630,'Pavlov','Kluss','Saw','486142882',21760780740,'1969-01-08','Widowed','Forest Dale',832,33536,'Kanzaki'),(631,'Mariam','Meco','Matthieu','196848918',98474314182,'1968-04-09','Married','Merchant',465,62112,'Paris 19'),(632,'Lucky','D\'Ambrosi','Lay','123116595',23897893321,'1985-05-17','Married','Kropf',289,55255,'Gorē'),(633,'Chancey','Pischel','Hubey','655873625',62908336591,'1957-07-03','Widowed','Daystar',415,89784,'Usevia'),(634,'Gayel','Tampling','Regan','948318079',60643764696,'1974-10-06','Married','Paget',938,59005,'Zadní Mostek'),(635,'Noble','Kemwal','Herculie','302087603',64689687005,'1982-03-09','Married','Longview',432,94393,'Wintzenheim'),(636,'Elfrieda','Mathissen','Jud','763933567',44947458529,'1985-05-23','Married','Chive',395,74733,'Jambuir Timur'),(637,'Brunhilde','Proby','Jake','828988115',61274221032,'1980-02-23','Single','La Follette',895,27870,'San Francisco'),(638,'Sioux','Nolda','Wye','745680197',72315718126,'1962-03-07','Widowed','Rutledge',766,85160,'Colesberg'),(639,'Ettore','Farherty','Teddy','274291112',38365923826,'1963-12-30','Single','Nova',277,29255,'Ngô Đồng'),(640,'Nanice','Williamson','Devland','711150862',13930719745,'2002-08-22','Single','Kenwood',760,55019,'Envigado'),(641,'Ferris','Tebbs','Keane','852859039',95169038852,'1954-11-18','Widowed','Holy Cross',82,84498,'Zhougang'),(642,'Harriette','Chevins','Carr','281105018',92506843654,'1953-10-30','Married','Shelley',293,47295,'Boshi'),(643,'Stephannie','Corrett','Gerald','361412879',80265792010,'1965-01-26','Married','Lighthouse Bay',629,94542,'Likwatang Timur'),(644,'Arlyn','Gipps','Bing','766562499',18037926412,'1977-09-18','Widowed','Duke',228,21583,'Salento'),(645,'Kimberley','McGlaud','Barret','356340565',29219957262,'1989-04-11','Widowed','Loeprich',180,42229,'Columbus'),(646,'Noelyn','Nickell','Sergio','152418782',37684562449,'1964-02-15','Married','Schmedeman',746,64917,'Zhenxi'),(647,'Benito','Carbett','Ewan','402589888',60247149075,'1986-07-22','Single','Thackeray',930,42505,'Leżajsk'),(648,'Elihu','Comrie','Alistair','268650373',13984393749,'1960-11-05','Widowed','Badeau',452,97408,'Cireundang'),(649,'Reed','McGillecole','Bran','102287050',13193251356,'1954-11-30','Divorced','Merrick',10,16537,'Tiemen'),(650,'Phillip','Coaster','Royall','703442459',30179977765,'1957-11-25','Divorced','Sunbrook',294,68462,'Sihai'),(651,'Roseanne','Saltmarsh','Christy','590128060',88827431462,'1978-03-31','Married','Ramsey',139,79596,'Rosso'),(652,'Othilie','Rawlingson','Whitby','529052318',72362904118,'1991-09-29','Single','Upham',144,96990,'Potet'),(653,'Fara','Enochsson','Durant','390599678',61705079356,'1993-11-23','Married','Kipling',496,99636,'Caruaru'),(654,'Bria','Ferencowicz','Rich','449185504',60559772226,'1989-07-25','Single','Moulton',874,88143,'Loštice'),(655,'Jeanie','Staveley','Ignacius','845428360',51031009860,'1979-01-13','Single','Oakridge',631,85510,'Luofang'),(656,'Quintilla','Andres','Justis','323456819',88329816650,'1961-07-26','Married','Clove',157,43396,'Vårgårda'),(657,'Shane','Quaintance','Darren','206168927',79614462540,'1972-02-01','Single','Rigney',354,50037,'Néa Róda'),(658,'Laurie','Brownsell','Salomon','713249437',82494433874,'1967-10-22','Single','Stephen',480,65996,'Zhengdun'),(659,'Mortie','Lindstedt','Dal','883096247',80970459734,'2000-04-10','Divorced','Maple Wood',555,84704,'Valbo'),(660,'Madalena','Bickardike','Ewart','449383830',18065345113,'1978-11-24','Single','Bluejay',371,29939,'Duvergé'),(661,'Urbain','Hullah','Jodi','487665222',17943628378,'2002-02-14','Married','Ruskin',858,28456,'Calzada Larga'),(662,'Phebe','Jeffries','Worth','583779452',56138746457,'2000-10-18','Single','Susan',157,97850,'Sar-e Pul'),(663,'Anthony','Bonds','Izaak','443534894',30927858274,'1989-01-08','Divorced','Lunder',590,58745,'Mobai'),(664,'Dall','Housen','Noel','835522058',71040223847,'1987-07-24','Divorced','Esch',454,63715,'Cutral-Có'),(665,'Idaline','Habberjam','Conrado','563921083',84931226216,'1963-10-25','Single','Scott',249,14641,'Kujama'),(666,'Elmer','Vossing','Dale','779414127',23148997230,'1992-09-27','Married','Hanover',672,13987,'Xiaba'),(667,'Mart','Vondrak','Colas','607051762',80896117379,'1977-02-18','Single','Sheridan',914,45387,'Wang Nam Yen'),(668,'Barbabra','Lingfoot','Bryant','372402914',67036236421,'2000-01-17','Married','Milwaukee',229,40760,'Šoštanj'),(669,'Abigael','Rushton','Jakie','847249650',34249779846,'1976-04-05','Divorced','7th',636,73680,'Salcedo'),(670,'Vale','Timmermann','Gerry','881722660',57361435272,'1960-05-24','Widowed','Knutson',443,89661,'Guatimozín'),(671,'Niki','Jeannenet','Alexandre','282459864',22645795468,'1989-09-22','Divorced','Old Shore',290,56897,'Syracuse'),(672,'Lennie','Morton','Humfried','727651308',20774914703,'1963-05-23','Single','Lake View',856,92553,'Libmanan'),(673,'Angele','Meins','Moise','238743387',54888499860,'2002-06-27','Single','Mallory',114,65566,'Buena Vista'),(674,'Levi','Highton','Ive','261886160',29964978842,'1997-02-16','Divorced','Westport',355,47990,'Curug'),(675,'Elia','Parton','Em','490653065',22561467035,'2004-03-23','Single','Mayfield',315,78692,'Omoa'),(676,'Nelle','Devers','Orlan','726390624',85066173082,'1953-07-14','Single','Cody',284,86583,'Santo Amaro'),(677,'Abbi','Pretley','Grenville','851762523',48732514976,'1963-06-03','Single','Northview',337,62930,'Pointe-à-Pitre'),(678,'Mildrid','Tanti','Chaunce','490496219',40663616162,'2000-10-30','Married','Westport',345,46335,'Foz do Arelho'),(679,'Neila','Cristoforetti','Mandel','415359806',41135123106,'1959-02-02','Divorced','Northwestern',350,63660,'Lāchi'),(680,'Johan','Watling','Ario','116524142',98541243049,'1958-12-11','Divorced','Dixon',366,95339,'Emin'),(681,'Chickie','Gration','Terence','155568626',81032055468,'1956-11-06','Married','Vermont',844,11281,'Bantal'),(682,'Marielle','Gibbs','Randell','263523050',74545064623,'1950-04-27','Widowed','Elgar',332,29304,'Abhar'),(683,'Olga','Argo','Wang','386234352',99556362936,'1990-10-02','Divorced','Mendota',684,39068,'Itapuranga'),(684,'Archambault','Baylie','Curt','879137610',28482325178,'1965-11-04','Married','Gale',133,19540,'Boliney'),(685,'Hamil','Bartholomieu','Fidelio','330030991',12379032253,'1998-06-24','Divorced','Doe Crossing',110,61997,'Karoya'),(686,'Creight','Killgus','Renault','587921029',72029235904,'1959-12-01','Widowed','Maywood',441,64863,'Croissy-sur-Seine'),(687,'Archibaldo','Rustidge','Gale','105553140',32353413834,'2000-05-02','Divorced','Elgar',827,52990,'La Quebrada'),(688,'Yankee','Barlie','Putnam','941782692',59682261707,'1977-12-21','Married','Golf',665,54023,'Embi'),(689,'Gerta','Alder','Kory','598213604',52692421322,'2003-11-04','Married','Tennessee',402,33525,'Cervantes'),(690,'Kasper','Woolpert','Kristos','574107186',94905428687,'1963-07-29','Divorced','Twin Pines',295,70678,'Chezhan'),(691,'Karisa','Winridge','Dicky','425571538',30013123291,'1985-09-06','Widowed','Kingsford',451,77891,'Novyy Starodub'),(692,'Davidson','Byfield','Tye','776859506',19704072923,'1991-04-28','Married','Gateway',700,24599,'Beskolen'),(693,'Latrina','Dudding','Roldan','317896873',59470957275,'1973-05-13','Divorced','Mosinee',777,15579,'Krajan Ngerdani'),(694,'Chic','Woollard','Gardy','346931230',51442649824,'1978-01-08','Divorced','Pine View',734,96241,'Krajan Satu'),(695,'Suzanna','Minguet','Seumas','184182466',87532079848,'1968-05-01','Widowed','Prairieview',713,81269,'Al Ma‘allā’'),(696,'Torin','McQuillin','Husein','775496049',49056754412,'1957-03-20','Divorced','Hansons',549,22316,'Ngulahan'),(697,'Sharl','Fernan','Lucas','885859690',64998238958,'1973-11-01','Divorced','Fuller',191,60818,'Yingyang'),(698,'Angele','Antoinet','Charles','553610453',52491725560,'1987-07-10','Divorced','Autumn Leaf',356,99976,'Houping'),(699,'Obadiah','Leal','Delaney','233005550',65952410361,'1992-06-15','Married','Cardinal',690,69197,'Figueira'),(700,'Binny','Allam','Shep','901094916',26543606536,'1992-11-12','Single','Bluestem',647,32829,'San Salvador'),(701,'Evita','McReedy','Moise','574109606',55480183562,'1966-09-17','Married','Nobel',254,67618,'Lüfeng'),(702,'Berkeley','Lucks','Stu','514808327',52733520670,'2001-05-28','Divorced','Dahle',70,90240,'Bi’r al Ḩufayy'),(703,'Stanton','Brickell','Nobie','491955423',57575238431,'1996-05-09','Widowed','Melvin',617,64192,'Banayoyo'),(704,'Andrey','Bellam','Darin','901509072',65236896542,'1991-11-20','Married','Kipling',326,91015,'Saint Louis'),(705,'Gardiner','Wolfindale','Maximo','531477492',61008218916,'1992-02-28','Single','Browning',989,96326,'Jatisari'),(706,'Edouard','Symcock','Zacharie','186672247',94747208485,'1993-08-05','Single','South',399,40488,'Novo Cruzeiro'),(707,'Bert','Adanez','Filberte','716113258',11436616485,'1979-05-14','Single','Quincy',184,50442,'Iida'),(708,'Stafani','McMurray','Solomon','195490402',26638388007,'1950-07-19','Widowed','Melvin',409,17202,'Yên Mỹ'),(709,'Sheff','De Souza','Pattie','622227742',42040978221,'2003-03-14','Widowed','Armistice',201,73896,'Tycheró'),(710,'Rhys','Whitwam','Padraic','272919650',66275003197,'1960-10-11','Single','Donald',241,25668,'Confey'),(711,'Gare','Seelbach','Dory','564150127',25504303935,'1973-12-22','Widowed','Mariners Cove',178,22074,'Lochovice'),(712,'Stormy','Gillaspy','Brewer','408134807',70674533184,'1958-07-04','Married','Del Sol',618,77952,'Chowki Jamali'),(713,'Yorke','Else','Lyman','164730326',65405913922,'1965-02-28','Single','Summit',602,88227,'Marau'),(714,'Johnath','Spofforth','Hamnet','834973221',60189698885,'2004-11-09','Widowed','Rigney',33,58402,'Santa Cruz Balanyá'),(715,'Luciano','Goligher','Garrek','956791496',93794462533,'1987-05-18','Single','Pepper Wood',173,25836,'Liangdang Chengguanzhen'),(716,'Thatch','Challis','Bordy','918026002',63353908037,'1993-04-30','Single','Kensington',225,50977,'Kotido'),(717,'Denis','Hannan','Lev','421810136',32045345608,'1969-11-08','Widowed','Maywood',234,65608,'Nanortalik'),(718,'Kristian','Leving','Donaugh','134858396',84881230673,'1986-06-13','Widowed','Washington',565,72727,'Santa Cruz das Flores'),(719,'Alvinia','Stoade','Elmore','829474348',99079154517,'1993-08-29','Married','Victoria',744,37747,'Huasahuasi'),(720,'Artemas','McTeague','Garwin','309540394',27660610397,'1959-12-22','Divorced','Kropf',214,39947,'Jeziora Wielkie'),(721,'Jo-ann','Shrimpling','Sigismond','921951655',91961846634,'1995-11-13','Married','Browning',32,21345,'Palaióchora'),(722,'Ree','Rudinger','Rustie','484582096',22506326892,'1976-10-17','Single','Arizona',997,44253,'La Tour-du-Pin'),(723,'Michaela','Cunrado','Bastian','153370914',80164678509,'1996-05-21','Widowed','Lindbergh',997,37977,'Canghou'),(724,'Fleurette','Gammet','Ulises','232465985',89113004911,'1997-02-12','Divorced','Schurz',846,97562,'Ippy'),(725,'Bernie','Heibl','Jarid','869156049',64764283763,'1984-09-15','Single','Valley Edge',883,59772,'Feijó'),(726,'Brendis','Grainger','Kev','700091264',57349081973,'1962-11-03','Married','Artisan',899,54119,'Huapi'),(727,'Jarrad','Manger','Kerwin','193631302',72727931765,'1977-04-29','Widowed','Gateway',918,99884,'Niš'),(728,'Alvera','Pleavin','Karl','293436067',33510304634,'1984-08-03','Single','Rockefeller',238,34630,'Belyy Yar'),(729,'Stevie','Reinard','Rupert','154834568',56872602496,'1964-08-26','Married','Norway Maple',452,73227,'Lyantonde'),(730,'Tammara','De Ambrosis','Fidelio','223710214',98357750659,'1964-09-23','Divorced','Heffernan',791,41581,'Ombul Barat'),(731,'Gunner','Justis','Ossie','575056631',34756184966,'2004-07-15','Divorced','Loomis',646,11292,'Cincinnati'),(732,'Price','Crossan','Alyosha','220160878',10030263175,'1981-10-19','Divorced','Sundown',462,10210,'Ivoti'),(733,'Rick','De Metz','Erick','153944894',90125134728,'2004-10-18','Married','Burning Wood',371,66841,'Salta'),(734,'Lorelle','Mengo','Jonah','971707531',92916386695,'1985-12-17','Married','Walton',39,12959,'Zhuting'),(735,'Raychel','Render','Sherlock','127997743',61250358151,'1982-05-26','Divorced','Golden Leaf',43,27475,'Nagua'),(736,'Leighton','Lemery','Gardie','929153604',57594399628,'1973-04-07','Single','Shopko',860,74770,'Wangji'),(737,'Carmelle','Yurasov','Valle','528045137',68941917077,'1964-01-23','Divorced','Sheridan',778,19472,'Zhudian'),(738,'Mandy','Aasaf','Court','430672138',25345780630,'1975-12-20','Widowed','Nancy',40,47512,'Sarnaki'),(739,'Maxy','Crockley','Adriano','344581778',71459015578,'1951-05-17','Widowed','West',2,49811,'Xarsingma'),(740,'Aurora','Sprason','Joseph','536282969',62518971296,'2003-12-26','Married','Vernon',563,35030,'Chengdong'),(741,'Linus','Bonsul','Arley','290635084',25513438113,'1982-09-22','Single','Forest Run',236,87506,'Xike'),(742,'Lorrie','Nevin','Reinhard','686863827',59728128938,'1963-05-26','Widowed','Cascade',208,36343,'Cinyawar'),(743,'Viviene','Ramsdell','Heinrick','694659330',47722539957,'1958-07-14','Married','Ohio',858,12177,'Mariinsk'),(744,'Roderigo','Domniney','Raimondo','751938803',40601439160,'1964-11-06','Widowed','Dawn',268,15558,'Bulungu'),(745,'Liv','Sager','Conan','638847660',97340664767,'1990-07-21','Divorced','Corben',938,81306,'Zhenghu'),(746,'Ingelbert','Kilbride','Price','821720120',36193733573,'1964-05-10','Married','Atwood',516,36799,'Singkup'),(747,'Mufi','Albany','Mark','277110402',30864460742,'1980-05-26','Single','Northport',281,49193,'Kufa'),(748,'Clarinda','Cohen','Max','532636602',99622071242,'1993-11-21','Married','Randy',2,25427,'Seke'),(749,'Jorry','Atkins','Jasun','576615811',64271494091,'1965-10-10','Widowed','Spohn',770,34048,'Guancheng'),(750,'Gardiner','Scamel','Bobbie','771807984',17612147660,'1982-07-28','Single','Dahle',382,18383,'Uhlove'),(751,'Tess','Lidstone','Henrik','933945263',79528954830,'1970-11-30','Single','Cambridge',576,20576,'Anibare'),(752,'Valma','Kernermann','Trevor','543096935',30534069200,'1955-01-05','Married','Haas',531,33296,'Seleuš'),(753,'Agustin','Bainbridge','Gamaliel','111371055',89561525201,'1976-10-11','Single','Northwestern',530,66058,'Parakanbeusi'),(754,'Elsa','Hardern','Barris','380906868',53220420567,'1987-01-24','Single','Laurel',639,11417,'Sangumata'),(755,'Deni','Bonnier','Colet','807432222',14577617880,'1976-08-18','Single','Tennessee',726,41514,'Quilpué'),(756,'Berthe','Bixley','Chadwick','942637020',20682984413,'1999-10-23','Divorced','Kedzie',286,32659,'Semanding'),(757,'Maryl','Carlozzi','Tremaine','805272991',34497383391,'1962-06-05','Single','Grayhawk',527,63735,'Shazhuang'),(758,'Cari','O\'Shesnan','Nolly','844695251',25260706802,'1975-11-01','Married','Dexter',709,48743,'Darnah'),(759,'Savina','Cardello','Alphonso','969264500',50095229945,'1968-03-22','Widowed','Fuller',544,48728,'Wierzawice'),(760,'Lodovico','Elies','Serge','139880614',37951089662,'1969-10-30','Married','Waxwing',247,95570,'Tuburan'),(761,'Towny','Avrashin','Nigel','925983411',16612674570,'1979-05-24','Single','Lighthouse Bay',567,38409,'Manadas'),(762,'Paige','Danielski','Ailbert','109514021',90840968207,'1966-04-11','Married','Tennyson',921,79867,'Sŭngho 1-tong'),(763,'Doloritas','Jizhaki','Travers','940207873',60676582419,'1994-09-28','Married','Hanover',739,11581,'Pervomayskoye'),(764,'Dorrie','Whitloe','Alfie','544062685',31487069207,'1973-05-14','Divorced','Golf View',669,88193,'San Nicolás de los Arroyos'),(765,'Jaine','Vasyanin','Frederick','200065444',91004996635,'1999-07-04','Divorced','Kim',687,20206,'Iquipi'),(766,'Larine','Solly','Adolph','223390952',19748719644,'1963-10-20','Married','Anhalt',709,27888,'Lalig'),(767,'Nichols','Chill','Micheal','826616682',72933674014,'1959-02-01','Married','7th',722,10219,'Tyrnyauz'),(768,'Padraig','Mugglestone','Gunter','818454350',74290957360,'1970-05-21','Single','Nancy',686,21779,'Dairiti'),(769,'Hieronymus','Corbert','Thom','227624394',72166100022,'1956-01-18','Divorced','Columbus',821,14468,'Bastia'),(770,'Carlene','Tanswell','Barty','570813873',60571339832,'1952-11-20','Married','Service',121,30326,'Centre de Flacq'),(771,'Jennie','Carragher','Obadias','174771232',28976565324,'1994-05-26','Divorced','Forest Dale',335,34368,'Catarman'),(772,'Sarah','MacKay','Waylan','144183083',72607910997,'1968-12-14','Single','Heath',134,42800,'Washington'),(773,'Phillip','Renforth','Carey','576833429',74551340121,'1952-11-10','Divorced','Petterle',699,84464,'Strömstad'),(774,'Grace','McCerery','Kenyon','753864096',22749539422,'1975-10-19','Widowed','Mifflin',665,45220,'Vila Real de Santo António'),(775,'Dorothea','Jeandel','Karim','716836802',88951876703,'1978-07-20','Single','Vera',144,29748,'Ujungpangkah'),(776,'Brant','Machans','Carlin','345505164',58415074400,'1974-06-28','Widowed','Crownhardt',800,21787,'Kuntong'),(777,'Blondie','Tebbett','Armstrong','638101966',43476429924,'1983-04-05','Married','Havey',357,93742,'Buchlovice'),(778,'Ajay','Bryant','Maurizio','661369831',32949013605,'1962-11-10','Divorced','Caliangt',893,90571,'Frederiksberg'),(779,'Brendan','Kepe','Terrence','558530657',53950827622,'1985-11-04','Single','Fairview',839,67020,'la Massana'),(780,'Cal','Sandle','Brennan','898515830',32508071030,'1977-10-22','Married','Oneill',972,41607,'Jietou'),(781,'Suki','Blindmann','Mozes','444528468',99578145913,'1963-02-25','Widowed','Hintze',353,49536,'Czarnowąsy'),(782,'Nicola','Kensett','Danya','401811320',34875853956,'1963-08-24','Widowed','Bobwhite',382,40693,'Wulan'),(783,'Tillie','Boyne','Papageno','377337243',78389431433,'1966-02-04','Single','Reinke',440,92944,'Kambar'),(784,'Marybeth','Dibden','Jorgan','442377045',52090981517,'1996-05-27','Single','Little Fleur',756,90446,'Cashel'),(785,'Corrianne','Konneke','Hillyer','193983722',70806662285,'2004-02-02','Married','Kings',289,70177,'San Antonio'),(786,'Amble','Jezzard','Edouard','587291657',58912050322,'1973-04-24','Divorced','Tennessee',723,16295,'Allen'),(787,'Nerty','Bidmead','Jake','609626757',18354334873,'1960-06-14','Married','Hudson',687,86610,'Lebedyan’'),(788,'Dominick','Olorenshaw','Shay','350758803',60667645082,'1997-10-18','Single','Judy',701,28523,'Rongxi'),(789,'Andeee','Barnwill','Wildon','216526390',45088582812,'1990-03-25','Single','Aberg',877,35678,'Putina'),(790,'Weber','Blemings','Estevan','554064256',68780264607,'1971-03-20','Single','Prairieview',730,21721,'Xingyuan'),(791,'Katine','Mudd','Ernestus','433542119',30772186271,'1971-04-11','Divorced','Alpine',535,60021,'Huibu'),(792,'Ignaz','Wegener','Amory','531999860',94952844448,'1971-03-29','Single','Farmco',517,14901,'Nangahale'),(793,'Aldric','O\'dell','Ulick','576189928',11309919396,'1975-10-14','Widowed','Clarendon',119,33308,'Zhuyu'),(794,'Tomasine','Falshaw','Wright','717651312',73634540708,'1975-11-26','Married','Mesta',241,72746,'Ifo'),(795,'Laurette','Berriman','Milt','665992524',52413328557,'1988-04-04','Married','Corben',544,62645,'Zhixia'),(796,'Adella','Bromilow','Goddart','989410532',18346945712,'1962-02-02','Single','Garrison',314,71046,'Stari Grad'),(797,'Cornall','Enos','Ike','297202879',36464110768,'1989-06-06','Single','Superior',135,77684,'Lorraine'),(798,'Lazaro','Faccini','Henrik','731865248',90542902457,'1983-07-21','Single','Orin',248,46969,'Shagonar'),(799,'Chantalle','Tethacot','Rossy','575930370',61226486970,'1996-05-14','Married','Stephen',949,26161,'Kirkton'),(800,'Parrnell','Kohler','Foss','932744649',66030267586,'1998-12-26','Married','Sachs',668,46725,'Mantes-la-Jolie'),(801,'Dinnie','Boraston','Cletus','153629786',37106642115,'1950-02-14','Married','Bultman',490,36970,'Xingdian'),(802,'Rhodia','McCourt','Filip','420742090',58484518086,'1974-08-09','Widowed','Village Green',592,17952,'Inuyama'),(803,'Melodee','Lambotin','Laurens','397643541',25714846920,'1950-10-05','Divorced','Eggendart',702,48491,'Corinto'),(804,'Anthony','Stobart','Finn','401786717',50322066633,'1997-06-25','Single','Gateway',328,56312,'Zaječí'),(805,'Glynnis','Carrier','Hubey','700707210',24037084360,'1958-09-21','Widowed','Twin Pines',4,15029,'Bitin'),(806,'Esdras','Danilovich','Corbet','112391624',20411075787,'1950-03-10','Single','Sycamore',499,39662,'Bukitkemuning'),(807,'Sherline','Tue','Damian','727027726',53533086130,'1986-06-20','Widowed','Goodland',945,71528,'Thị Trấn Cẩm Thủy'),(808,'Conrado','Jandera','Josiah','625707185',53639374487,'1988-02-21','Widowed','Straubel',832,82075,'Huaibei'),(809,'Spence','Kubicka','Gustavus','554287537',36006202270,'1971-07-29','Single','Granby',971,65343,'Bulag'),(810,'Eb','Humberston','Nappie','922442154',55885653441,'1955-09-17','Single','Prairie Rose',608,22187,'Maisons-Laffitte'),(811,'Kylila','Clixby','Marlowe','264807984',85200911456,'1952-01-20','Widowed','Hauk',539,85578,'Almere Stad'),(812,'Shauna','Shirland','Ringo','712924108',85674114420,'1994-02-04','Married','Schlimgen',101,35644,'Smyshlyayevka'),(813,'Desirae','Rattray','York','366580360',88916342720,'1952-10-28','Single','Springs',846,71948,'Santa Clara'),(814,'Luce','Merrin','Homerus','550760988',61410536426,'1954-04-02','Married','Division',353,87189,'Licuan'),(815,'Dori','Crocombe','Huntlee','946204913',70403691472,'1977-08-27','Married','Badeau',253,95525,'Renfrew'),(816,'Cammi','McKeefry','Nikos','293137241',29380922414,'1976-03-30','Widowed','Ludington',924,84773,'Gemo'),(817,'Sue','Scarce','Waylin','932438780',20990852641,'1988-02-18','Widowed','Browning',908,23670,'Trondheim'),(818,'Julianne','Muggeridge','Artur','818730695',23862555627,'1962-10-05','Married','Melby',760,52145,'Waerana'),(819,'Jerrilee','Bettesworth','Early','101560352',22015537336,'1953-12-26','Married','Myrtle',891,87027,'Linstead'),(820,'Athene','Westberg','Clarance','334635291',35426431368,'1960-12-31','Divorced','Scott',961,54368,'Reda'),(821,'Gretchen','Edsall','Randy','359300780',13780522873,'1988-10-30','Married','Stephen',675,61302,'Colonia Aurora'),(822,'Adriane','Chaimson','Ahmad','480633703',87444886541,'1974-03-18','Divorced','Towne',440,27506,'San Sebastian'),(823,'Courtney','Marchington','Aland','945141037',96104133351,'2002-10-26','Divorced','Alpine',653,28614,'Zhoujiadian'),(824,'Laurence','Buff','Brooks','327200640',43752612646,'1987-02-15','Married','Kennedy',409,21258,'Xianyan'),(825,'Page','Stare','Conroy','602818430',43657896969,'1989-01-23','Divorced','Vidon',956,16347,'Anār Darah'),(826,'Christiano','Drewett','Purcell','244919530',34499600374,'2002-05-11','Widowed','Golf',651,53278,'Feng’an'),(827,'Jasper','Bellefonte','Lowrance','411105627',22280929554,'1968-04-05','Married','Prairieview',182,74097,'Norrköping'),(828,'Druci','Andrasch','Paulo','324990664',91893393422,'1956-06-25','Married','Grasskamp',938,28210,'Bangbayang Kaler'),(829,'Winona','Sondon','Jordan','363210526',92265381148,'1996-02-13','Single','Fairview',789,87528,'Tsiombe'),(830,'Win','Eller','Conroy','698824308',69369401257,'1973-05-15','Widowed','Debs',8,36336,'Budapest'),(831,'Otha','Gooding','Ulick','814583545',16124425431,'1987-12-25','Single','Emmet',317,22523,'Lons-le-Saunier'),(832,'Brandy','Brizland','Costa','740357864',23843594753,'2000-06-08','Widowed','Vermont',391,33862,'Cabedelo'),(833,'Renee','Oakland','Gonzales','649129177',16461171639,'1962-05-16','Single','Vernon',914,57367,'Cadiz'),(834,'Brendon','Rosin','Kennie','480074851',71071090648,'1982-04-03','Single','Ronald Regan',415,74645,'Cajuru'),(835,'Heidie','Bawden','Moses','928887174',54616718860,'1993-06-12','Married','Algoma',131,34141,'São Cristóvão'),(836,'Elly','Petrovsky','Selig','971479225',91632333315,'1993-05-02','Divorced','Glacier Hill',86,87833,'Sarukhan'),(837,'Chrissie','Blackmore','Osgood','235831873',60137913166,'2001-11-17','Married','Di Loreto',377,18489,'Figueira Castelo Rodrigo'),(838,'Aidan','Custard','Jerome','674520521',59418970198,'1973-08-24','Divorced','Hermina',101,82843,'Xianxi'),(839,'Jessie','Syme','Roscoe','790812035',30460706613,'1996-02-02','Single','Pleasure',316,72885,'Neochóri'),(840,'Mendy','Hedau','Roderich','616079373',92407273406,'1997-01-24','Single','Express',153,26329,'Puji'),(841,'Benedikta','Grzelewski','Aldis','873812607',95876638342,'1975-01-25','Divorced','Springview',958,61306,'Xiabuji'),(842,'Jo-anne','Lathe','Marchall','558661839',56340342411,'1984-03-31','Single','Mockingbird',871,91839,'Newton'),(843,'Octavius','Pykerman','Rossie','915873305',23966949778,'1991-07-17','Married','Crest Line',266,53700,'Utrecht (stad)'),(844,'Rhea','Venmore','Yvor','449013295',26046300700,'2004-04-12','Widowed','North',880,45066,'Zvëzdnyy'),(845,'Athena','Dilleston','Kristoffer','370511935',28855030974,'1992-04-07','Widowed','Carpenter',78,33594,'Kantyshevo'),(846,'Niven','Breagan','Robinet','264895369',12050777973,'1959-06-09','Divorced','Oriole',792,79269,'Sicamous'),(847,'Lacey','Le Marquis','Talbot','515744088',42534312684,'1977-04-08','Widowed','Nevada',216,24762,'Antaparco'),(848,'Ann-marie','Tomkies','Percy','227151251',84625491751,'1964-04-30','Married','Reinke',245,33932,'Qingshu'),(849,'Alaine','Tschierasche','Harper','755023865',83974123228,'1980-04-21','Married','Lerdahl',782,17038,'Ngembo'),(850,'Nealon','Stoke','Gordy','910545369',50586276218,'1971-09-26','Married','Toban',890,33850,'Halong'),(851,'Mareah','Tummasutti','Merrel','496811129',16076702635,'1965-03-19','Divorced','Old Shore',820,60909,'Cajamarca'),(852,'Lukas','Collcutt','Maxim','909891680',45154801564,'1991-07-04','Widowed','Roxbury',445,84447,'Porosozero'),(853,'Stefano','Sherry','Iggy','717449457',26521702662,'1999-04-17','Widowed','Kinsman',946,69821,'Xilu'),(854,'Aurora','Blasetti','Dougie','596410613',93797629508,'2002-02-20','Widowed','Merchant',226,63669,'Jamaica'),(855,'Caroljean','Yair','Neron','117928373',39246875038,'1988-01-27','Single','Pennsylvania',524,23776,'Goshogawara'),(856,'Vanya','Zellner','Vladamir','152490950',19753093311,'1983-04-17','Divorced','Beilfuss',624,46226,'Cruz das Almas'),(857,'Florella','Karlsen','Engelbert','701218945',18478267952,'1953-06-29','Divorced','Grover',448,54340,'Ritchie'),(858,'Pierre','Deinhard','Tore','320437744',65720552285,'1952-11-28','Married','Northport',925,84575,'Wangmang'),(859,'Heall','Tomsa','Kendrick','231552164',51319558300,'1967-04-23','Single','Butternut',806,90409,'Andou'),(860,'Lars','Howlings','Reinwald','266381510',81005577798,'1989-12-08','Divorced','Briar Crest',927,32279,'Dongqianhu'),(861,'Hedwiga','Batrip','Marve','426513693',40351423931,'2004-02-01','Single','Novick',253,33415,'Unisław'),(862,'Suzy','Kenningley','Demetre','293172541',54725322278,'1964-09-17','Divorced','Mallory',60,68650,'Velyki Kopany'),(863,'Wernher','Ormesher','Norry','198017229',11881762701,'1984-02-28','Divorced','Grover',473,80657,'Sumenep'),(864,'Sidnee','McCorrie','Freddie','747659160',98145963598,'1972-06-09','Widowed','Glacier Hill',572,97048,'Karagay'),(865,'Zacharia','Saffe','Haslett','628811342',13993214131,'1963-01-03','Single','Cody',47,53580,'Kawanoechō'),(866,'Catlin','Gilvear','Brew','335618024',94841637187,'2003-11-25','Single','Red Cloud',966,82653,'Prámanta'),(867,'Eldredge','Purchase','Herc','669785393',32148744797,'1969-12-16','Married','Express',154,80898,'Pasvalys'),(868,'Norby','Abbatucci','Benny','174876072',91791171571,'1997-08-11','Married','Fisk',403,48976,'Santa Cruz'),(869,'Adorne','Corre','Northrup','802903870',10692543347,'1956-05-29','Widowed','Arapahoe',192,62386,'Cajolá'),(870,'Elmo','Parman','Aguste','198685590',67695924884,'1970-12-20','Divorced','Express',542,25366,'Yoshkar-Ola'),(871,'Russ','Glasheen','Levin','476658593',66787547191,'1964-12-29','Single','Bellgrove',631,91721,'Mejdan - Obilićevo'),(872,'Kiley','Sollitt','Eugene','591487406',64426659186,'1994-05-14','Divorced','Ramsey',158,95604,'Sydney'),(873,'Mallissa','Snowding','Chad','496767236',34289287831,'1986-05-22','Widowed','Mitchell',329,74402,'Katy'),(874,'Osborne','Surphliss','Siffre','188885544',62802460036,'2004-09-08','Single','Farwell',916,85927,'Youfang'),(875,'Sada','Desaur','Jerome','542903219',12588741201,'1957-04-28','Widowed','Shelley',700,46673,'Muyinga'),(876,'Celinka','Suermeier','Ferris','610165603',61400549175,'1968-08-07','Widowed','Arapahoe',249,82122,'Nasielsk'),(877,'Pammy','Sneesby','Cort','536344351',78542063577,'2000-02-01','Single','Dryden',927,12734,'Cawayan'),(878,'Bebe','Storey','Parry','385043354',88609249721,'1957-09-14','Divorced','Miller',969,83337,'Taboc'),(879,'Inger','Dinley','Clywd','421788697',51997981209,'1981-06-10','Married','Michigan',745,35372,'Xindai'),(880,'Mabelle','Deegan','Reinold','746317050',44883952365,'2001-12-15','Married','Crescent Oaks',484,11201,'Svyatogorsk'),(881,'Nerte','Loughnan','Bertrando','725304923',87278189703,'1984-11-01','Widowed','Northview',882,21022,'Xue’an'),(882,'Maggie','Begin','Templeton','414156059',98278099879,'1977-06-29','Divorced','Monterey',424,81126,'El Coco'),(883,'Roselin','Vernau','Bendicty','485145463',44005228216,'1980-09-07','Widowed','Eggendart',960,28017,'Jenamas'),(884,'Carlynn','Bligh','Lorant','413512206',80616764532,'1957-08-25','Single','Park Meadow',130,90117,'Sakata'),(885,'Cyndi','Gero','Birk','845154345',31728485801,'1979-05-30','Widowed','Fisk',501,71595,'Guacarí'),(886,'Leah','Schistl','Gerhardt','779916774',42394093619,'1983-11-04','Married','New Castle',503,35234,'Oumé'),(887,'Pebrook','Misken','Sherlock','584695471',41709195800,'1954-07-23','Single','Service',314,22020,'El Escanito'),(888,'Hermon','Waddam','Jdavie','723224620',59411224507,'1969-06-20','Single','Longview',514,45042,'Dulles'),(889,'Shelly','Guyet','Buck','941814247',80645070118,'1956-05-28','Single','Brickson Park',818,83131,'Stockholm'),(890,'Xever','McKevany','Marcelo','506643823',77281142334,'1987-07-15','Divorced','Cody',216,50925,'Omiš'),(891,'Orton','Eckart','Penny','332042902',43300451486,'1957-03-21','Widowed','Butterfield',681,37087,'Biguaçu'),(892,'Suki','Maleck','Gerhardt','971010488',58179774439,'1956-11-24','Divorced','Morningstar',12,33235,'Adstock'),(893,'Beverlee','Dubock','Bennie','366631409',90737876934,'1984-12-19','Divorced','Darwin',917,17488,'Czerwin'),(894,'Christye','Duer','Quill','959935161',96223760008,'1976-12-23','Married','Blackbird',65,16780,'Neochóri'),(895,'Chanda','Dello','Hort','765583566',10270861884,'1981-08-31','Widowed','Erie',981,92657,'Xinli'),(896,'Elwood','Delmage','Chet','474597782',52485906782,'1982-04-27','Single','Bartelt',777,62560,'Karney Shomron'),(897,'Nicolis','Andrzejewski','Markus','371465190',74310272420,'1956-05-26','Married','Roxbury',141,18115,'Zhongdeng'),(898,'Torre','Edson','Toddy','668142490',19219634252,'1990-11-09','Divorced','Kedzie',803,10208,'Dallas'),(899,'Vincenz','Falk','Nehemiah','751162851',93374405461,'1976-08-09','Married','Hallows',781,64624,'San Luis Ixcán'),(900,'Lilli','Babington','Chevy','500564524',39656738698,'1993-02-19','Single','Hudson',78,14476,'Ercheng'),(901,'Pincas','Serginson','Corny','911026833',51003994792,'1950-08-27','Widowed','Corscot',123,32816,'Vicente Guerrero'),(902,'Gibb','Uff','Igor','540570995',62968863910,'1981-06-09','Widowed','Swallow',668,57403,'Volovets'),(903,'Jan','Bisp','Frazer','590127116',78911129979,'1991-07-03','Single','Monument',838,86454,'Boende'),(904,'Gwyn','Cropp','Clarance','225672128',36725920284,'1994-04-30','Single','Kedzie',834,70961,'Campo Maior'),(905,'Robbin','Pollett','Thorvald','266693236',56167057879,'2004-11-11','Divorced','Veith',749,65241,'Krajan Baru'),(906,'Halie','Goundsy','Eziechiele','265080133',70766808476,'1953-12-15','Single','Waubesa',398,39331,'Pinar del Río'),(907,'Lionello','Goggin','Aloysius','571222195',36843469750,'1985-07-04','Widowed','Jenna',252,50633,'Nunmanu'),(908,'Sargent','Shadrack','Nickola','255454544',84935582926,'1959-09-19','Widowed','Cherokee',465,12084,'Łomża'),(909,'Amity','Aleksahkin','Earvin','698147807',85501646828,'1982-06-11','Single','Judy',816,83678,'Huangjing'),(910,'Daria','Farrens','Dionisio','699676106',81925455014,'1987-07-16','Divorced','Parkside',587,13195,'San Marcos'),(911,'Verene','Cregan','Archibaldo','736408961',77622537202,'1953-12-29','Married','Reinke',604,22544,'Vatutino'),(912,'Vilma','Firpi','Payton','673517988',81159750059,'1979-02-08','Widowed','Meadow Ridge',742,18879,'Episkopí'),(913,'Ellerey','Faussett','Val','963577128',99772932256,'1966-05-03','Married','Badeau',357,31121,'Yuqunweng'),(914,'Kori','Benditt','Adolph','109871846',32904740724,'1971-06-18','Divorced','Lotheville',280,87096,'Wuli'),(915,'Allayne','Chezier','Grannie','838766270',25671665236,'1961-04-03','Widowed','Butternut',206,72566,'Svenljunga'),(916,'Brena','Bertenshaw','Rikki','915653741',88947521290,'2001-10-02','Divorced','Karstens',696,75773,'Paraparaumu'),(917,'Garvin','Josephs','Miles','188087540',67862430921,'1981-04-08','Single','Continental',404,59952,'Madagali'),(918,'Sydel','MacMenemy','Holly','240196101',62272755937,'1978-07-30','Single','Crest Line',27,16096,'Tinaco'),(919,'Rogerio','Flanaghan','Cori','644870895',11368757066,'1959-09-06','Married','Lawn',494,34548,'Challans'),(920,'Anton','Gwillim','Eziechiele','240089173',33210309128,'1950-05-29','Widowed','Debra',787,59448,'Tamontaka'),(921,'Rodolphe','Eberdt','Ollie','740928045',46384404983,'1977-06-01','Divorced','Charing Cross',816,10651,'Gagah'),(922,'Abby','Gager','Reid','680661595',56719610939,'1996-12-10','Widowed','Harbort',58,86226,'Krajan Tengah'),(923,'Valentia','Axby','Vernon','166926346',34250543405,'1976-03-08','Widowed','Morningstar',983,77183,'Murun-kuren'),(924,'Ava','Ida','Vladamir','244346855',80818146785,'1955-01-05','Single','Johnson',889,89399,'Klampok'),(925,'Durant','Daenen','Glynn','515620515',92769708975,'1983-04-17','Widowed','Jackson',250,19048,'Vientiane'),(926,'Ynez','Smallsman','Tanner','140953176',35154983293,'1995-03-31','Single','Eagle Crest',622,55959,'Adelaide Mail Centre'),(927,'Esta','McPike','Bernie','856101530',91033937074,'1963-09-21','Single','Veith',467,18299,'Trới'),(928,'Hayden','Bloxholm','Reece','571923149',41780638770,'1986-11-19','Married','Monterey',135,14524,'Yantianhe'),(929,'Mab','Lickess','Ruddy','206561586',69624649768,'1955-01-03','Single','Arizona',855,95013,'Rutana'),(930,'Doris','Windus','Sheffy','221839081',55830899808,'1991-12-23','Divorced','Longview',455,43757,'Xixi'),(931,'Valerie','Capsey','Leslie','922900008',85856312791,'1998-09-18','Single','Melody',994,60844,'Chiclayo'),(932,'Merrill','Demangel','Emelen','742982934',88265352171,'1989-06-03','Married','Londonderry',298,63205,'les Escaldes'),(933,'Beverie','Algar','Desmund','307607654',25963729190,'1957-10-27','Single','Morrow',35,75190,'Changzheng'),(934,'Lissy','Sweed','Jerrold','999299344',82534432045,'1997-01-18','Single','Fremont',55,14634,'Niños Heroes'),(935,'Thaddeus','Bateup','Northrup','166448716',64704345035,'2001-11-21','Widowed','Melvin',758,26607,'Businga'),(936,'Hermia','Clemo','Geoffrey','639220270',51867985019,'2003-02-17','Divorced','Cottonwood',967,40588,'Okpoma'),(937,'Kev','Hankard','Kingston','494432227',28110059963,'1952-12-21','Married','Granby',584,95266,'Huangcun'),(938,'Shandee','Crowthe','Carlo','317286368',75144859542,'1962-08-03','Divorced','Corben',893,98826,'Postupice'),(939,'Dolly','Took','Joaquin','706942998',30456735821,'1973-12-11','Married','Linden',914,44203,'Tottori'),(940,'Gallagher','Caspell','Chic','373750431',42635395167,'1950-12-15','Widowed','Annamark',347,49234,'Port Elizabeth'),(941,'Alyda','Vaux','Garrek','450803958',41173394599,'1978-04-08','Married','Hudson',194,36173,'Zheleznodorozhnyy'),(942,'Emmalee','Rothman','Hart','771669629',45639363417,'1956-09-03','Single','Anhalt',238,40148,'Sharïngol'),(943,'Helen','Applin','Virgilio','234857747',64205311039,'2001-10-04','Divorced','Talisman',906,16256,'Uppsala'),(944,'Silvain','Skippings','Kennie','234526289',85535696081,'1991-07-13','Divorced','Sunbrook',740,49285,'Pahing Jalatrang'),(945,'Phyllida','Waylett','Felike','390856378',21284881475,'1994-05-21','Married','Mariners Cove',81,73804,'Abucayan'),(946,'Eldredge','Guwer','Denver','432915558',23506376062,'1988-09-14','Single','Debs',65,44869,'Duyure'),(947,'Barnard','Hoodspeth','Umberto','627577310',38608701613,'1971-12-23','Married','Farragut',915,60571,'Magdalena'),(948,'Raimundo','Rexworthy','Herbert','444926364',68690296700,'1958-11-17','Divorced','Schurz',128,82583,'Novokubansk'),(949,'Danice','Mounch','Trent','437075575',16943859314,'1953-08-06','Single','Coleman',626,35399,'Ntobo'),(950,'Francesca','Dungate','Gram','117634625',65762168897,'1977-10-19','Married','Barby',458,35489,'Fuyang'),(951,'Puff','Ivey','Frans','278023574',53154627129,'1966-05-01','Divorced','Quincy',111,80604,'Binafun'),(952,'Eugenie','Cuerda','Jessie','999827213',77745881467,'1969-01-25','Divorced','Fallview',965,71760,'Pitanga'),(953,'Lyda','Rawet','Ernst','559860929',77651916240,'2003-12-24','Widowed','Hintze',568,69840,'Casselman'),(954,'Lyn','Deackes','Wally','545327444',68816459691,'2002-02-23','Single','Dixon',158,71550,'Nombre de Jesús'),(955,'Brent','Haw','Waldo','254810308',37171493891,'2003-12-02','Single','Vera',558,44441,'Lamakera Dua'),(956,'Garald','Jumeau','Derrick','431138221',13566785449,'1970-03-24','Married','Sauthoff',780,14829,'Jetis'),(957,'Rosanna','Rhyme','Austen','563428749',91350646055,'1957-05-08','Divorced','Dixon',197,85539,'Taiping'),(958,'Odo','Leuchars','Franklyn','856083083',97630493402,'1956-01-25','Single','Lerdahl',783,89146,'Kidangbang'),(959,'Ainslie','Dawkins','Johannes','133737247',15510465505,'1992-12-10','Married','Hovde',375,89867,'Ferraria'),(960,'Guillermo','Barta','Giraud','843859668',96245394522,'2002-01-04','Single','Debs',459,59854,'Thị Trấn Bắc Yên'),(961,'Tobit','Betjeman','Julio','694886983',95193948069,'1977-12-28','Widowed','Corben',764,11906,'Cruzília'),(962,'Basilio','Ginnane','Percy','329965184',26160949546,'1956-07-30','Married','Sunfield',123,69038,'Pālang'),(963,'Mano','Rysdale','Zebulon','603991491',71979021662,'2003-04-30','Single','Blackbird',348,93203,'Guachucal'),(964,'Rodie','Crickmoor','Sven','614426823',73247929954,'1984-07-22','Single','Barnett',260,39330,'Longzhou'),(965,'Martita','Ogborn','Elton','117359407',12931647112,'1996-12-09','Divorced','Old Shore',896,86696,'Köping'),(966,'Angelo','Sheals','Morey','792450850',89242756095,'1975-06-15','Single','Meadow Valley',595,70194,'Parang'),(967,'Grace','Sholl','Shea','325329144',41625843448,'2004-09-24','Married','Roxbury',947,88100,'San Antonio Aguas Calientes'),(968,'Hildegaard','Tissier','Orazio','952935691',86897500222,'1977-04-19','Widowed','Fremont',467,58236,'Cravo Norte'),(969,'Lorrie','Coucha','D\'arcy','831635638',39241442286,'1958-03-26','Divorced','Browning',896,62258,'Pshekhskaya'),(970,'Nannie','Boylin','Levon','816045136',57860678539,'1995-06-12','Divorced','Graedel',349,15548,'Stodolishche'),(971,'Ethelbert','Punton','Tito','255848223',86167553172,'1999-12-03','Divorced','Pond',947,85857,'Corail'),(972,'Shalom','Harbert','Felipe','356612670',60134601928,'1978-01-24','Single','Arizona',278,14290,'Quibal'),(973,'Karlens','Morillas','Mattie','941322374',36113852857,'1997-01-28','Married','Birchwood',838,38724,'Olho Marinho'),(974,'Gipsy','Yakovlev','King','124255091',25377732702,'1955-08-01','Widowed','Pennsylvania',660,49119,'Longmen'),(975,'Lyndsay','Dredge','Alden','895382332',90742703063,'1957-07-31','Divorced','Riverside',650,46409,'Enschede'),(976,'Frank','Davidovich','Gustaf','766303187',14192222061,'1962-04-14','Widowed','Onsgard',364,79135,'Arranhó'),(977,'Janey','Zoren','Johan','569525116',27640365852,'1972-06-20','Divorced','High Crossing',770,96302,'Hwange'),(978,'Analise','Arkow','Towny','330760322',25966333305,'1971-04-18','Widowed','Fieldstone',832,21569,'Klerksdorp'),(979,'Ashlen','Ivashkin','Stafford','353645022',71950319319,'1958-02-16','Single','Waxwing',391,39750,'Nyanga'),(980,'Wes','Denniss','Kaleb','680379854',95805805476,'2004-06-15','Single','Northridge',410,82353,'Muyaka'),(981,'Francene','Clarage','Georas','660135587',46030289214,'1985-10-01','Divorced','Declaration',344,37570,'Dalmatovo'),(982,'Cammie','Drought','Ambros','401617273',85518740226,'1975-06-24','Divorced','Eastwood',377,57345,'Simitli'),(983,'Verine','Millen','Austen','353650391',94390318563,'1991-03-24','Married','Sheridan',117,76724,'São Marcos da Serra'),(984,'Anetta','Mattersley','Haroun','129254155',16269897087,'1997-04-14','Single','Monterey',508,80306,'Almeirim'),(985,'Katy','Skune','Agosto','287958787',27213094810,'1987-05-24','Divorced','Wayridge',817,53233,'Ban Phue'),(986,'Wiatt','Trevor','Pete','253450796',40165964757,'1972-03-19','Divorced','Chive',93,44803,'Oslo'),(987,'Ogdan','Hall-Gough','Temple','482368769',67557427661,'1991-10-18','Widowed','Killdeer',295,77344,'Sabanitas'),(988,'Boothe','McCritichie','Wilton','871524783',72817617105,'1963-08-03','Married','Cascade',964,69943,'Chacapalpa'),(989,'Augustus','Pounds','Blaine','735495645',76026096706,'1967-01-09','Single','Oak Valley',504,63579,'Tshela'),(990,'Erin','Boughtflower','Bald','597755944',99346959022,'1975-08-20','Widowed','Prentice',107,89697,'Borek'),(991,'Stacie','Wotton','Rickey','273660098',54486403970,'1988-08-28','Single','Hudson',388,92772,'Innoshima'),(992,'Booth','Caley','Hadlee','969812369',22437482860,'1999-02-06','Widowed','Hoard',522,93580,'Oinoússes'),(993,'Lucian','Doward','Husein','180220874',28695432640,'1959-11-08','Single','Miller',358,50384,'Larangan'),(994,'Geralda','Derbyshire','Gus','180742163',11803444711,'1955-08-31','Widowed','Brickson Park',516,47787,'Bjärred'),(995,'Kristal','Boyle','Lammond','423061333',69707060126,'1979-11-11','Divorced','Killdeer',463,37304,'Joutsa'),(996,'Davey','Connikie','Vasily','446406812',75803183652,'1983-11-21','Married','Eagan',323,78478,'Longping'),(997,'Edee','Tustin','Tom','424943485',37475841224,'1950-01-27','Married','Welch',559,90620,'Łękawica'),(998,'Stern','Crudge','Sigismundo','928173221',31126209395,'1956-07-15','Single','Sutherland',256,76861,'Soko'),(999,'Clerkclaude','Giovannetti','Shane','949412358',71962933244,'1986-09-26','Married','Lotheville',671,12322,'Mingshan'),(1000,'Dix','Atyeo','Yule','257075060',39780359031,'1951-12-07','Single','Eastlawn',124,12736,'Joutsa');
/*!40000 ALTER TABLE `employee` ENABLE KEYS */;
UNLOCK TABLES;

--
-- Table structure for table `employees_family`
--

DROP TABLE IF EXISTS `employees_family`;
/*!40101 SET @saved_cs_client     = @@character_set_client */;
/*!50503 SET character_set_client = utf8mb4 */;
CREATE TABLE `employees_family` (
  `empfml_id` int NOT NULL AUTO_INCREMENT,
  `empfml_emp_id` int DEFAULT NULL,
  `empfml_fml_id` int DEFAULT NULL,
  PRIMARY KEY (`empfml_id`),
  KEY `fk5_idx` (`empfml_emp_id`),
  KEY `fk6_idx` (`empfml_fml_id`),
  CONSTRAINT `fk5` FOREIGN KEY (`empfml_emp_id`) REFERENCES `employee` (`emp_id`) ON UPDATE CASCADE,
  CONSTRAINT `fk6` FOREIGN KEY (`empfml_fml_id`) REFERENCES `family` (`fml_id`) ON DELETE RESTRICT ON UPDATE CASCADE
) ENGINE=InnoDB AUTO_INCREMENT=301 DEFAULT CHARSET=utf8mb3;
/*!40101 SET character_set_client = @saved_cs_client */;

--
-- Dumping data for table `employees_family`
--

LOCK TABLES `employees_family` WRITE;
/*!40000 ALTER TABLE `employees_family` DISABLE KEYS */;
INSERT INTO `employees_family` VALUES (1,458,364),(2,43,328),(3,64,359),(4,627,91),(5,674,54),(6,509,134),(7,177,337),(8,812,220),(9,362,354),(10,638,160),(11,265,186),(12,229,28),(13,741,197),(14,77,149),(15,315,290),(16,666,143),(17,309,139),(18,109,65),(19,743,334),(20,688,185),(21,648,228),(22,988,297),(23,425,54),(24,100,92),(25,571,128),(26,866,324),(27,201,155),(28,616,330),(29,625,240),(30,859,167),(31,114,244),(32,260,349),(33,633,167),(34,559,328),(35,776,251),(36,657,276),(37,192,111),(38,496,196),(39,187,120),(40,534,171),(41,549,61),(42,608,400),(43,729,318),(44,658,75),(45,381,369),(46,892,91),(47,883,22),(48,667,60),(49,52,377),(50,810,128),(51,349,198),(52,305,150),(53,863,9),(54,736,61),(55,42,89),(56,449,145),(57,131,394),(58,451,19),(59,167,371),(60,124,85),(61,81,64),(62,815,149),(63,261,198),(64,861,358),(65,748,162),(66,967,358),(67,956,315),(68,259,73),(69,653,245),(70,540,232),(71,604,9),(72,709,184),(73,678,86),(74,651,315),(75,183,46),(76,553,367),(77,832,340),(78,909,254),(79,353,158),(80,781,274),(81,362,6),(82,629,79),(83,557,309),(84,399,324),(85,957,297),(86,336,352),(87,86,189),(88,414,152),(89,457,365),(90,320,319),(91,53,48),(92,701,253),(93,183,288),(94,23,333),(95,533,392),(96,803,307),(97,225,130),(98,177,343),(99,889,301),(100,122,250),(101,200,190),(102,693,330),(103,119,37),(104,321,377),(105,990,131),(106,151,59),(107,633,370),(108,444,222),(109,729,2),(110,106,266),(111,213,297),(112,748,117),(113,207,1),(114,655,14),(115,818,197),(116,91,364),(117,857,338),(118,116,106),(119,443,173),(120,150,341),(121,421,244),(122,772,171),(123,811,144),(124,612,199),(125,502,375),(126,572,339),(127,175,246),(128,767,97),(129,234,243),(130,19,25),(131,406,318),(132,745,353),(133,384,258),(134,533,18),(135,1,102),(136,753,76),(137,936,264),(138,759,308),(139,740,51),(140,901,173),(141,149,45),(142,76,73),(143,26,23),(144,767,343),(145,60,173),(146,403,381),(147,940,240),(148,415,57),(149,507,214),(150,560,85),(151,97,366),(152,393,359),(153,738,321),(154,479,59),(155,6,318),(156,243,365),(157,927,46),(158,976,348),(159,147,255),(160,507,83),(161,685,144),(162,165,107),(163,560,44),(164,912,143),(165,445,65),(166,803,229),(167,425,294),(168,661,393),(169,534,376),(170,960,31),(171,545,361),(172,674,82),(173,436,62),(174,290,315),(175,799,148),(176,648,173),(177,34,209),(178,779,351),(179,763,33),(180,390,287),(181,531,72),(182,501,230),(183,531,68),(184,282,253),(185,309,247),(186,419,100),(187,444,258),(188,469,162),(189,987,224),(190,662,223),(191,384,397),(192,958,1),(193,616,23),(194,241,163),(195,835,390),(196,296,272),(197,907,72),(198,878,143),(199,558,381),(200,75,157),(201,286,32),(202,66,42),(203,586,103),(204,318,123),(205,751,192),(206,314,369),(207,75,98),(208,969,10),(209,490,225),(210,74,133),(211,356,386),(212,335,266),(213,48,124),(214,980,296),(215,475,25),(216,790,47),(217,340,304),(218,433,9),(219,611,207),(220,891,301),(221,312,122),(222,234,183),(223,471,385),(224,551,312),(225,719,190),(226,532,262),(227,589,375),(228,373,154),(229,478,43),(230,110,139),(231,560,64),(232,11,94),(233,500,10),(234,227,218),(235,390,396),(236,307,307),(237,562,201),(238,486,144),(239,455,71),(240,438,145),(241,788,15),(242,875,284),(243,376,8),(244,224,235),(245,331,194),(246,336,54),(247,692,23),(248,729,190),(249,277,334),(250,34,297),(251,97,339),(252,959,118),(253,6,351),(254,316,129),(255,305,188),(256,497,183),(257,190,43),(258,758,264),(259,741,246),(260,866,166),(261,839,268),(262,663,71),(263,206,52),(264,801,150),(265,245,71),(266,995,261),(267,251,338),(268,137,147),(269,839,252),(270,195,17),(271,550,147),(272,391,30),(273,136,275),(274,90,232),(275,860,306),(276,547,303),(277,886,130),(278,836,376),(279,842,138),(280,895,196),(281,500,324),(282,408,37),(283,559,353),(284,211,170),(285,937,317),(286,348,253),(287,581,5),(288,682,8),(289,354,308),(290,564,388),(291,517,125),(292,95,152),(293,405,99),(294,663,23),(295,613,274),(296,393,163),(297,250,170),(298,614,62),(299,576,372),(300,86,358);
/*!40000 ALTER TABLE `employees_family` ENABLE KEYS */;
UNLOCK TABLES;

--
-- Table structure for table `family`
--

DROP TABLE IF EXISTS `family`;
/*!40101 SET @saved_cs_client     = @@character_set_client */;
/*!50503 SET character_set_client = utf8mb4 */;
CREATE TABLE `family` (
  `fml_id` int NOT NULL AUTO_INCREMENT,
  `fml_sex` varchar(15) DEFAULT NULL,
  `fml_name` varchar(45) DEFAULT NULL,
  `fml_surname` varchar(45) DEFAULT NULL,
  `fml_relation` int DEFAULT NULL,
  `fml_emp_id` int DEFAULT NULL,
  PRIMARY KEY (`fml_id`),
  KEY `fk1_idx` (`fml_emp_id`),
  KEY `fk16_idx` (`fml_relation`),
  CONSTRAINT `fk1` FOREIGN KEY (`fml_emp_id`) REFERENCES `employee` (`emp_id`) ON DELETE RESTRICT ON UPDATE CASCADE,
  CONSTRAINT `fk16` FOREIGN KEY (`fml_relation`) REFERENCES `relation` (`rel_id`) ON DELETE RESTRICT ON UPDATE CASCADE
) ENGINE=InnoDB AUTO_INCREMENT=401 DEFAULT CHARSET=utf8mb3;
/*!40101 SET character_set_client = @saved_cs_client */;

--
-- Dumping data for table `family`
--

LOCK TABLES `family` WRITE;
/*!40000 ALTER TABLE `family` DISABLE KEYS */;
INSERT INTO `family` VALUES (1,'male','Peyton','Outhwaite',2,202),(2,'male','Eleonora','Ravillas',1,145),(3,'male','Monro','Gawkroge',3,230),(4,'female','Melodee','Carnow',3,286),(5,'male','Cindie','Denington',1,107),(6,'female','Zorina','Boggers',1,116),(7,'male','Alfons','Scurfield',1,230),(8,'female','Flemming','Archbald',1,180),(9,'male','Raquela','Draisey',1,249),(10,'female','Jordain','Rive',1,212),(11,'female','Wynn','Cousin',3,248),(12,'female','Barn','Lukins',1,51),(13,'male','Odetta','Van der Brug',1,122),(14,'female','Kelci','Skilton',2,209),(15,'male','Brendon','Mobbs',3,108),(16,'female','Gus','Shaughnessy',1,7),(17,'male','Shirlee','Esbrook',1,182),(18,'female','Jacenta','Blackeby',3,233),(19,'male','Hansiain','Swindell',1,124),(20,'female','Dolph','Tollet',3,81),(21,'male','Corney','Franc',1,74),(22,'female','Maisey','Esparza',2,67),(23,'male','Candie','Dartan',2,243),(24,'female','Jodie','Vincent',1,141),(25,'male','Feodora','Cosyns',1,36),(26,'female','Andree','Blaiklock',3,103),(27,'male','Waneta','Lago',3,40),(28,'female','Phillie','Rattenberie',1,299),(29,'male','Rebe','Ayliffe',2,146),(30,'female','Onofredo','Eden',2,136),(31,'male','Virgina','Signore',2,151),(32,'female','Arden','Cudby',1,281),(33,'male','Marcella','Faier',1,62),(34,'female','Lynna','Hurren',2,198),(35,'male','Padgett','Younglove',2,212),(36,'female','Zoe','Grinishin',2,34),(37,'male','Adora','Dunn',3,177),(38,'female','Reinaldo','Quilligan',3,112),(39,'male','Charin','Aymeric',3,161),(40,'female','Mabelle','Spilstead',3,37),(41,'male','Marylin','Freegard',2,50),(42,'female','Tessie','Summerson',2,258),(43,'male','Winny','Icom',1,74),(44,'female','Shay','Mundow',1,3),(45,'male','Yorgos','Gabriel',3,128),(46,'female','Rebe','Deverose',1,233),(47,'male','Rhodie','Tinghill',3,119),(48,'female','Adel','Negal',3,215),(49,'male','Bartlet','Weald',1,216),(50,'female','Trixie','Fulham',3,233),(51,'female','Mandie','Rhubottom',2,114),(52,'female','Anallese','Belhomme',3,169),(53,'male','Jarvis','Pettyfar',1,227),(54,'female','Kareem','O\'Henecan',3,79),(55,'male','Paule','Crapper',2,293),(56,'female','Bobbye','Cust',3,37),(57,'male','Byrle','Priden',2,166),(58,'female','Lorette','Garrioch',2,1),(59,'male','Florenza','Clougher',1,161),(60,'female','Billy','Geldeard',1,272),(61,'male','Wyndham','Dundridge',1,25),(62,'female','Colleen','Igglesden',3,288),(63,'male','Julieta','Caston',1,87),(64,'female','Mitchael','Frankes',2,273),(65,'male','Josee','Slocum',1,213),(66,'female','Dorri','Grenter',2,216),(67,'male','Madelle','Bedding',1,14),(68,'female','Dorelia','Tocqueville',1,89),(69,'male','Tisha','Hanby',3,296),(70,'female','Joeann','Ody',2,74),(71,'male','Harriott','Rawcliff',2,88),(72,'female','Gregorius','Romanelli',1,122),(73,'male','Marci','Picott',2,236),(74,'female','Alexandre','Eagers',2,192),(75,'male','Roseanna','Saice',1,298),(76,'female','Winonah','Benian',1,88),(77,'male','Tera','Frostdyke',2,159),(78,'female','Joey','Logesdale',2,141),(79,'male','Tommie','Storks',1,133),(80,'female','Jo','Slaght',3,122),(81,'male','Ernesta','Labrone',1,23),(82,'female','Emlyn','Scotson',3,231),(83,'male','Katya','Lankford',3,280),(84,'female','Bryana','MacShane',2,134),(85,'male','Constanta','Diehn',2,167),(86,'female','Estel','Dunley',3,164),(87,'male','Thoma','Godbolt',2,258),(88,'female','Sharona','Peddowe',3,286),(89,'male','Benny','Pratte',2,176),(90,'female','Harmonie','Giovanizio',2,266),(91,'male','Velvet','Boothe',1,205),(92,'female','Halie','Maffini',1,95),(93,'male','Ana','Willmore',3,92),(94,'female','Hart','Poyzer',2,123),(95,'male','Kailey','Hugonet',2,241),(96,'female','Buiron','Baldock',1,261),(97,'male','Burtie','Lavallin',1,22),(98,'female','Baxter','Durrance',3,287),(99,'male','Jewelle','Stobbart',2,69),(100,'female','Paolo','Bill',3,12),(101,'male','Tracey','Leak',1,127),(102,'female','Duff','Ingre',1,150),(103,'male','Bernardina','Cabell',1,225),(104,'female','Ermengarde','Frances',1,55),(105,'male','Fitzgerald','Briat',2,135),(106,'female','Giselle','Prosch',3,36),(107,'male','Corabel','Kennerknecht',3,254),(108,'female','Mattie','Tortoise',1,198),(109,'male','Perceval','Abberley',1,206),(110,'female','Rosemarie','Challenor',3,26),(111,'male','Nataline','Munks',2,166),(112,'female','Dorita','Follacaro',2,141),(113,'male','Stanton','Abraham',2,230),(114,'female','Estelle','Backson',2,141),(115,'male','Zacharias','Bernardt',1,34),(116,'female','Trescha','Jozefiak',2,105),(117,'male','Kalila','Howells',3,78),(118,'female','Winifred','Marriage',3,256),(119,'male','Giuseppe','Marsden',3,37),(120,'female','Fanny','Maasz',2,61),(121,'male','Mamie','Jeppe',2,48),(122,'female','Edi','McLauchlin',3,120),(123,'male','Randene','Valde',3,168),(124,'female','Harli','Mowles',2,11),(125,'male','Giacomo','Lukehurst',2,172),(126,'female','Elinor','Stannis',3,238),(127,'male','Finley','Morit',2,67),(128,'female','Abelard','Gather',2,237),(129,'male','Harlene','Kilbourne',2,209),(130,'female','Drucill','Desaur',1,214),(131,'male','Sydney','Viccary',3,61),(132,'female','Napoleon','Truesdale',3,236),(133,'male','Malina','Sterke',1,37),(134,'female','Horatio','Rubury',3,36),(135,'male','Brandea','Whitesel',2,163),(136,'female','Tiena','Colville',2,12),(137,'male','Tait','Flitcroft',1,171),(138,'female','Sampson','Leask',3,171),(139,'male','Ossie','Lewson',1,68),(140,'female','Sheilah','Jancso',2,112),(141,'male','Weston','Sandry',1,139),(142,'female','Wittie','Freyne',3,52),(143,'male','Lemuel','Hallagan',3,296),(144,'female','Avictor','Jeays',2,221),(145,'male','Sissie','Barents',1,60),(146,'female','Casper','Quemby',2,291),(147,'male','Basil','Dorman',3,86),(148,'female','Kinnie','Ramsbotham',1,201),(149,'male','Marlene','Alvaro',1,248),(150,'female','Gussy','Rabbatts',3,75),(151,'male','Sunshine','Sirrell',2,152),(152,'female','Freda','Huddy',1,135),(153,'male','Dix','Philpault',1,64),(154,'female','Kizzee','Farquhar',1,148),(155,'male','Kevon','Chastanet',1,288),(156,'female','Lilli','Brantl',2,244),(157,'male','Ciel','Knatt',3,39),(158,'female','Alene','Stother',1,92),(159,'male','Thea','Ionnisian',2,127),(160,'female','Daryl','Halbord',2,283),(161,'male','Anselma','Birdall',1,251),(162,'female','Jacinta','Nigh',2,262),(163,'male','Jonis','Bastide',2,153),(164,'female','Dew','Kensley',2,106),(165,'male','Ewart','Dronsfield',3,75),(166,'female','Suzanne','Mountlow',3,295),(167,'male','Yancy','Cogle',1,186),(168,'female','Cleveland','Borham',1,127),(169,'male','Kane','La Grange',1,12),(170,'female','Krishnah','Eeles',3,33),(171,'male','Tillie','Vannuccini',3,242),(172,'female','Carolina','Swinnerton',1,83),(173,'male','Lise','Glass',1,5),(174,'female','Aeriel','Wenban',2,55),(175,'male','Romonda','Kitchenham',1,132),(176,'female','Claudianus','Spary',2,62),(177,'male','Nancy','Michelle',1,182),(178,'female','Tannie','Gepheart',3,109),(179,'male','Nerta','Chantrell',3,129),(180,'female','Paige','Broose',3,230),(181,'male','Modesta','Malcher',3,290),(182,'female','Beret','Christofides',3,112),(183,'male','Dag','Authers',3,268),(184,'female','Adena','Cadge',3,205),(185,'male','Maje','Bartoszek',3,283),(186,'female','Shawn','McMaster',2,270),(187,'male','Brandea','Moyer',2,132),(188,'female','Tanya','Alliott',3,281),(189,'male','Hoyt','Burle',1,239),(190,'female','Glynis','Toffanini',3,14),(191,'male','Cynthy','Poyle',1,208),(192,'female','Solly','Ligerton',2,126),(193,'male','Paulette','Ferreri',1,50),(194,'female','Deidre','Thorby',2,140),(195,'male','Brittaney','Pomphrey',1,61),(196,'female','Athena','Prandin',2,26),(197,'male','Hamlin','Laise',3,31),(198,'female','Sander','Norker',3,102),(199,'male','Kerrie','O\'Dennehy',1,158),(200,'female','Vincent','Cluley',3,160),(201,'male','Jacob','Ferenczi',2,141),(202,'female','Rossy','Bode',1,196),(203,'male','Lillis','Vogelein',1,181),(204,'female','Eulalie','Denyakin',2,223),(205,'male','Janie','MacKay',2,176),(206,'female','Lezley','Trillo',1,25),(207,'male','Anett','Hanrahan',2,117),(208,'female','Marisa','McLevie',1,236),(209,'male','Merwyn','McBeith',1,204),(210,'female','Felizio','Withams',1,103),(211,'male','Debora','Jandel',3,276),(212,'female','Silvia','Patters',1,233),(213,'male','Joelle','Volkers',1,26),(214,'female','Dahlia','Pfaffe',3,103),(215,'male','Enrico','MacGinley',1,280),(216,'female','Sher','Lacaze',3,195),(217,'male','Dido','Fawssett',3,164),(218,'female','Otes','Hamnet',1,152),(219,'male','Sukey','Veitch',1,277),(220,'female','Franciska','Rawes',1,219),(221,'male','Sloane','Leglise',3,204),(222,'female','Ginnie','Riccardi',2,224),(223,'male','Legra','Jendrys',3,85),(224,'female','Retha','Joriot',1,214),(225,'male','Nikolaus','Harflete',1,233),(226,'female','Adena','Hutchence',1,151),(227,'male','Claude','Khotler',1,40),(228,'female','Ike','Hischke',3,100),(229,'male','Leandra','Skotcher',3,13),(230,'female','Elka','Beany',2,84),(231,'male','Caroljean','Gard',3,252),(232,'female','Shirley','Jumel',3,226),(233,'male','Noellyn','Graddell',2,240),(234,'female','Cherida','Schankelborg',1,204),(235,'male','Samaria','Ludlom',3,83),(236,'female','Teddie','Salerg',2,216),(237,'male','Carlene','Lenoir',1,136),(238,'female','Ana','Cropton',1,61),(239,'male','Coleen','Baltzar',3,19),(240,'female','Gannie','Robker',2,190),(241,'male','Jacquenette','Surgison',2,53),(242,'female','Adore','Rheaume',1,208),(243,'male','Emmeline','Arendsen',2,33),(244,'female','Ruy','Maffucci',3,150),(245,'male','Adelaida','Chastanet',1,197),(246,'female','Hill','Kellert',3,44),(247,'male','Lotte','Francesconi',3,229),(248,'female','Nathalie','De Vile',3,289),(249,'male','Hermine','Chatto',2,86),(250,'female','Barbaraanne','Chess',3,256),(251,'male','Travus','Fladgate',3,237),(252,'female','Guinevere','Lawden',1,293),(253,'male','Vite','Tudor',3,258),(254,'female','Adi','O\'Murtagh',3,242),(255,'male','Carroll','Constantinou',3,47),(256,'female','Red','Lehrian',2,227),(257,'male','Antony','Duffet',3,288),(258,'female','Loren','Kose',3,119),(259,'male','Shandy','Enever',2,265),(260,'female','Timmie','Boliver',2,67),(261,'male','Vivianna','Rechert',1,298),(262,'female','Idelle','Undrill',2,24),(263,'male','Mal','By',3,72),(264,'female','Karie','Golda',2,108),(265,'male','Ive','Campion',1,141),(266,'female','Ewart','Ashbee',3,32),(267,'male','Garvin','Mayou',3,13),(268,'female','Jephthah','Iannelli',3,144),(269,'male','Eartha','Ganniclifft',3,284),(270,'female','Catrina','Ollive',3,27),(271,'male','Dido','Simonnin',2,238),(272,'female','Bondon','Chasle',2,200),(273,'male','Claudelle','Harriott',3,298),(274,'female','Noel','Lehr',3,100),(275,'male','Ardelia','Kach',3,142),(276,'female','Tammie','Deboo',3,156),(277,'male','Randie','Champness',3,63),(278,'female','Lorant','Vint',3,67),(279,'male','Tammie','Wadmore',3,91),(280,'female','Rebbecca','Jurek',3,111),(281,'male','Katalin','Mealiffe',1,86),(282,'female','Laurent','O\'Skehan',1,113),(283,'male','Winthrop','Maddigan',3,173),(284,'female','Nessy','McCullouch',2,232),(285,'male','Adi','Roddell',3,35),(286,'female','Margie','Rosenauer',2,30),(287,'male','Valene','Zottoli',2,246),(288,'female','Pablo','Gaylor',2,108),(289,'male','Freeland','Grenshiels',1,26),(290,'female','Leslie','Weadick',3,235),(291,'male','Megen','Nottingam',2,148),(292,'female','Alayne','Viveash',3,293),(293,'male','Quinta','Mapis',2,280),(294,'female','Madelon','Persicke',1,159),(295,'male','Eba','Bostick',1,290),(296,'female','Maddie','Mailey',3,130),(297,'male','Randi','Chesnay',2,59),(298,'female','Nikolia','Whinney',2,125),(299,'male','Helen','Hare',3,36),(300,'other','Keelia','Hymer',3,113),(301,'male','Kendre','Ramelot',2,191),(302,'male','Ardelle','Oki',3,156),(303,'male','Anett','Potte',2,229),(304,'female','Ashly','Wyldish',2,275),(305,'female','Arni','Scanlon',2,78),(306,'male','Gianina','Kobke',3,189),(307,'female','Cathi','Tilly',2,35),(308,'female','Joella','Martschik',3,160),(309,'female','Chrysler','Bewshaw',2,162),(310,'female','Jeniffer','Biasotti',1,53),(311,'male','Panchito','Conklin',2,35),(312,'female','Trixie','Sturch',1,234),(313,'male','Justino','Leveret',2,186),(314,'other','Barb','Gaffey',3,297),(315,'male','Kale','Hixley',1,150),(316,'female','Jo','Shewring',1,233),(317,'male','Gareth','Klimkowski',1,140),(318,'female','Demetri','Ridgeway',3,66),(319,'male','Chad','Musicka',2,10),(320,'female','Mireielle','Haswall',1,137),(321,'male','Corabel','Curror',2,145),(322,'female','Evania','Jozwik',2,30),(323,'male','Alaster','Baudic',1,169),(324,'female','Moselle','Brotherhed',2,131),(325,'male','Bowie','O\'Kielt',2,189),(326,'female','Curcio','Alkin',3,135),(327,'male','Erminie','Fifield',1,90),(328,'female','Kasey','Brixey',2,94),(329,'male','Roseanna','Ramm',2,112),(330,'female','Hiram','Hargey',3,165),(331,'male','Horace','Ximenez',3,199),(332,'female','Pet','Albury',1,179),(333,'male','Corenda','Busher',1,46),(334,'female','Tucky','Fothergill',2,173),(335,'male','Jerrine','Kincla',2,273),(336,'female','Delphinia','Inold',2,53),(337,'male','Joshua','Puddifer',2,114),(338,'female','Hersch','Grigg',2,174),(339,'male','Jessie','Cluckie',3,243),(340,'female','Vernen','Beebe',2,139),(341,'male','Clarissa','O\'Scollain',1,76),(342,'female','Ursula','Drewery',2,197),(343,'male','Connor','Zahor',1,43),(344,'female','Athene','Cleaves',1,232),(345,'male','Herta','Goodbarne',1,115),(346,'other','Jacquetta','McReidy',3,296),(347,'male','Daryl','Donson',3,64),(348,'female','Peggy','Kaine',1,66),(349,'male','Sargent','Coltart',3,234),(350,'female','Corabella','Orton',1,220),(351,'male','Hasty','Bann',2,12),(352,'female','Livy','O\'Sheilds',3,91),(353,'male','Jacklin','Gannicott',3,286),(354,'female','Camila','Tipple',1,197),(355,'male','Norry','Narbett',2,203),(356,'female','Othella','Eisak',3,90),(357,'male','Reggie','Fitzsymonds',1,178),(358,'female','Stefanie','Kittiman',3,173),(359,'male','Willy','Lochrie',2,197),(360,'female','Onfroi','Willment',2,13),(361,'male','Bertie','Roscamps',1,291),(362,'female','Nollie','Patmore',1,2),(363,'male','Lion','Sarsfield',1,15),(364,'female','Dulci','Duxbarry',1,188),(365,'male','Elvis','Mariaud',3,204),(366,'female','Fair','Philson',1,224),(367,'male','Lilly','Powland',2,256),(368,'female','Sadye','Gandley',1,155),(369,'male','Tanny','Franzen',1,113),(370,'female','Leontyne','Wagg',1,231),(371,'male','Friederike','Kyncl',2,265),(372,'female','Vasili','Clopton',3,77),(373,'male','Kayley','Poxson',2,184),(374,'female','Clemens','Rumming',1,139),(375,'male','Fidelia','Wood',3,225),(376,'other','Maiga','Comley',1,25),(377,'male','Alvy','Wainman',1,100),(378,'female','Ellissa','Ferras',3,233),(379,'male','Freida','Kohrsen',3,120),(380,'female','Gerladina','Ainsby',2,25),(381,'male','Bradley','Pipet',3,55),(382,'female','Ellie','Drohun',2,8),(383,'male','Goldi','Antoszczyk',2,108),(384,'female','Latrina','Cast',2,231),(385,'male','Sabine','Greenroa',2,30),(386,'female','Earl','Alston',2,235),(387,'male','Wilmer','Moffatt',2,21),(388,'female','Man','Edward',2,121),(389,'male','Yevette','Lehmann',3,293),(390,'female','Jared','Houtby',3,9),(391,'male','Kaela','Antoniat',1,139),(392,'female','Olvan','Karoly',2,123),(393,'male','Corrine','Balam',1,247),(394,'female','Ephraim','Holt',3,224),(395,'male','Maribel','de Glanville',3,67),(396,'other','Ula','Goaks',3,203),(397,'male','Elvin','Sissot',3,179),(398,'male','Dorri','Cecil',3,130),(399,'male','Elisa','Godber',2,99),(400,'male','Pyotr','Dawltrey',2,254);
/*!40000 ALTER TABLE `family` ENABLE KEYS */;
UNLOCK TABLES;

--
-- Table structure for table `origin`
--

DROP TABLE IF EXISTS `origin`;
/*!40101 SET @saved_cs_client     = @@character_set_client */;
/*!50503 SET character_set_client = utf8mb4 */;
CREATE TABLE `origin` (
  `org_id` int NOT NULL AUTO_INCREMENT,
  `org_emp_id` int DEFAULT NULL,
  `org_bpl_id` int DEFAULT NULL,
  PRIMARY KEY (`org_id`),
  KEY `fk18_idx` (`org_emp_id`),
  KEY `fk19_idx` (`org_bpl_id`),
  CONSTRAINT `fk18` FOREIGN KEY (`org_emp_id`) REFERENCES `employee` (`emp_id`) ON DELETE RESTRICT ON UPDATE CASCADE,
  CONSTRAINT `fk19` FOREIGN KEY (`org_bpl_id`) REFERENCES `birthplace` (`bpl_id`) ON DELETE RESTRICT ON UPDATE CASCADE
) ENGINE=InnoDB AUTO_INCREMENT=1001 DEFAULT CHARSET=utf8mb3;
/*!40101 SET character_set_client = @saved_cs_client */;

--
-- Dumping data for table `origin`
--

LOCK TABLES `origin` WRITE;
/*!40000 ALTER TABLE `origin` DISABLE KEYS */;
INSERT INTO `origin` VALUES (1,473,826),(2,532,634),(3,151,19),(4,784,350),(5,470,235),(6,396,884),(7,211,643),(8,535,44),(9,874,945),(10,45,803),(11,197,882),(12,258,336),(13,447,75),(14,313,641),(15,888,820),(16,382,907),(17,23,187),(18,17,89),(19,471,338),(20,545,654),(21,222,942),(22,308,871),(23,687,764),(24,143,765),(25,260,88),(26,849,393),(27,748,215),(28,545,253),(29,238,523),(30,675,264),(31,294,420),(32,569,621),(33,607,787),(34,138,713),(35,769,287),(36,271,702),(37,333,329),(38,848,360),(39,408,196),(40,725,491),(41,217,307),(42,438,175),(43,93,423),(44,910,982),(45,21,421),(46,748,77),(47,363,65),(48,976,378),(49,342,295),(50,844,97),(51,167,505),(52,698,183),(53,982,994),(54,83,326),(55,635,163),(56,48,956),(57,944,613),(58,772,297),(59,415,595),(60,538,977),(61,751,641),(62,7,99),(63,882,931),(64,602,484),(65,307,468),(66,730,537),(67,1,811),(68,766,958),(69,27,119),(70,697,244),(71,868,388),(72,549,852),(73,6,763),(74,925,984),(75,970,476),(76,222,252),(77,903,582),(78,791,21),(79,844,641),(80,244,945),(81,465,907),(82,195,243),(83,806,80),(84,289,851),(85,423,271),(86,696,381),(87,40,540),(88,774,910),(89,978,419),(90,668,288),(91,739,163),(92,522,97),(93,446,237),(94,439,972),(95,580,685),(96,854,420),(97,955,537),(98,579,486),(99,561,267),(100,934,687),(101,972,337),(102,312,56),(103,874,543),(104,962,405),(105,305,658),(106,142,707),(107,819,239),(108,640,834),(109,767,713),(110,643,968),(111,686,922),(112,997,785),(113,230,972),(114,72,961),(115,378,927),(116,700,987),(117,358,306),(118,433,967),(119,242,596),(120,746,796),(121,731,40),(122,57,365),(123,326,11),(124,762,391),(125,57,963),(126,782,598),(127,102,886),(128,349,164),(129,561,132),(130,129,615),(131,632,938),(132,319,467),(133,331,793),(134,60,445),(135,2,67),(136,740,286),(137,447,484),(138,510,457),(139,96,704),(140,352,677),(141,358,809),(142,383,751),(143,191,362),(144,680,238),(145,83,634),(146,678,41),(147,449,441),(148,935,361),(149,342,646),(150,907,307),(151,343,260),(152,392,232),(153,351,891),(154,609,610),(155,122,416),(156,727,613),(157,944,208),(158,925,274),(159,260,521),(160,954,421),(161,821,14),(162,108,857),(163,882,823),(164,141,7),(165,974,44),(166,913,319),(167,560,956),(168,795,909),(169,39,885),(170,415,861),(171,755,330),(172,147,732),(173,979,823),(174,578,275),(175,879,802),(176,696,384),(177,659,299),(178,491,239),(179,935,106),(180,754,74),(181,93,966),(182,372,451),(183,179,789),(184,329,445),(185,171,576),(186,381,960),(187,730,614),(188,842,346),(189,723,339),(190,734,850),(191,705,436),(192,703,919),(193,959,434),(194,22,540),(195,482,669),(196,790,184),(197,167,661),(198,590,54),(199,179,155),(200,155,462),(201,405,282),(202,144,735),(203,671,241),(204,992,395),(205,693,718),(206,937,572),(207,25,605),(208,849,672),(209,688,645),(210,607,139),(211,43,666),(212,653,294),(213,477,239),(214,902,287),(215,610,977),(216,929,560),(217,257,549),(218,922,625),(219,301,675),(220,917,701),(221,38,682),(222,873,836),(223,705,251),(224,60,261),(225,250,746),(226,160,456),(227,528,490),(228,450,831),(229,677,841),(230,373,149),(231,666,34),(232,646,341),(233,664,890),(234,151,674),(235,821,258),(236,992,180),(237,813,168),(238,696,536),(239,324,328),(240,964,62),(241,719,615),(242,648,796),(243,828,679),(244,614,698),(245,504,490),(246,736,50),(247,70,405),(248,270,680),(249,896,287),(250,441,876),(251,537,211),(252,151,429),(253,715,222),(254,642,94),(255,315,829),(256,143,5),(257,852,527),(258,285,119),(259,589,992),(260,481,973),(261,858,827),(262,832,134),(263,66,644),(264,586,476),(265,995,321),(266,750,160),(267,945,707),(268,490,920),(269,708,645),(270,211,581),(271,164,586),(272,276,319),(273,137,588),(274,47,198),(275,477,326),(276,803,716),(277,579,755),(278,124,414),(279,408,949),(280,607,783),(281,822,487),(282,469,619),(283,135,336),(284,329,964),(285,688,286),(286,547,350),(287,235,331),(288,49,596),(289,918,624),(290,805,993),(291,595,824),(292,500,128),(293,679,126),(294,543,512),(295,45,904),(296,561,36),(297,95,257),(298,664,682),(299,202,943),(300,133,718),(301,543,232),(302,850,886),(303,794,670),(304,913,766),(305,21,483),(306,155,103),(307,877,97),(308,315,834),(309,594,441),(310,724,824),(311,149,890),(312,254,855),(313,68,36),(314,888,606),(315,544,802),(316,794,179),(317,466,373),(318,569,936),(319,957,631),(320,912,329),(321,50,485),(322,444,48),(323,692,846),(324,311,179),(325,69,997),(326,130,893),(327,868,445),(328,708,791),(329,116,834),(330,670,896),(331,557,157),(332,659,886),(333,885,945),(334,919,592),(335,492,881),(336,547,488),(337,229,139),(338,668,579),(339,271,818),(340,358,695),(341,137,49),(342,673,67),(343,653,313),(344,233,602),(345,898,829),(346,748,544),(347,598,362),(348,608,627),(349,154,810),(350,663,293),(351,735,977),(352,821,964),(353,292,488),(354,733,425),(355,763,999),(356,386,930),(357,446,745),(358,251,200),(359,141,382),(360,169,487),(361,585,870),(362,674,62),(363,425,524),(364,530,610),(365,949,390),(366,339,407),(367,573,478),(368,629,707),(369,827,839),(370,429,821),(371,23,357),(372,454,503),(373,55,335),(374,897,925),(375,604,946),(376,168,158),(377,309,994),(378,226,94),(379,315,352),(380,853,70),(381,224,155),(382,419,674),(383,78,550),(384,748,725),(385,94,73),(386,737,350),(387,726,487),(388,962,608),(389,923,641),(390,387,771),(391,376,271),(392,877,562),(393,853,602),(394,78,577),(395,615,25),(396,737,795),(397,936,120),(398,887,210),(399,563,326),(400,256,193),(401,650,57),(402,239,739),(403,371,99),(404,520,165),(405,731,578),(406,330,120),(407,235,489),(408,666,854),(409,790,808),(410,244,742),(411,616,398),(412,18,237),(413,87,214),(414,807,868),(415,490,449),(416,441,523),(417,103,724),(418,539,22),(419,542,870),(420,229,211),(421,825,319),(422,109,915),(423,813,380),(424,49,568),(425,196,733),(426,821,974),(427,510,456),(428,708,879),(429,114,791),(430,116,823),(431,444,380),(432,81,149),(433,339,277),(434,111,894),(435,991,889),(436,579,579),(437,691,509),(438,594,267),(439,25,984),(440,274,786),(441,857,95),(442,480,137),(443,68,625),(444,510,52),(445,162,849),(446,818,965),(447,733,705),(448,265,769),(449,769,627),(450,420,955),(451,82,936),(452,432,965),(453,667,224),(454,630,120),(455,985,144),(456,572,749),(457,707,346),(458,785,696),(459,204,304),(460,363,14),(461,173,668),(462,357,325),(463,13,456),(464,899,490),(465,245,416),(466,968,618),(467,82,55),(468,561,744),(469,674,693),(470,722,705),(471,867,494),(472,928,656),(473,585,726),(474,707,584),(475,212,226),(476,98,169),(477,327,657),(478,264,405),(479,688,93),(480,604,425),(481,871,868),(482,134,820),(483,646,683),(484,954,725),(485,121,136),(486,205,395),(487,857,221),(488,637,145),(489,784,756),(490,171,574),(491,129,490),(492,989,698),(493,363,431),(494,906,437),(495,852,900),(496,904,419),(497,10,42),(498,336,960),(499,276,303),(500,37,914),(501,266,407),(502,180,594),(503,915,750),(504,520,889),(505,452,28),(506,844,18),(507,320,651),(508,323,577),(509,183,627),(510,302,484),(511,942,726),(512,1000,13),(513,466,617),(514,685,230),(515,902,53),(516,743,378),(517,603,659),(518,620,277),(519,83,284),(520,842,793),(521,660,385),(522,601,15),(523,719,170),(524,336,9),(525,272,145),(526,641,904),(527,982,412),(528,689,954),(529,388,237),(530,640,921),(531,132,883),(532,926,107),(533,192,147),(534,704,393),(535,276,440),(536,608,978),(537,14,16),(538,374,563),(539,627,658),(540,920,157),(541,721,600),(542,551,822),(543,571,213),(544,65,952),(545,826,791),(546,24,807),(547,475,363),(548,131,626),(549,667,138),(550,701,171),(551,658,644),(552,181,348),(553,202,914),(554,837,879),(555,444,622),(556,549,7),(557,590,435),(558,706,677),(559,654,385),(560,62,730),(561,580,990),(562,598,909),(563,912,933),(564,932,599),(565,688,355),(566,113,780),(567,437,159),(568,756,850),(569,68,435),(570,563,206),(571,283,212),(572,313,220),(573,11,896),(574,459,364),(575,22,105),(576,46,520),(577,445,479),(578,792,416),(579,105,668),(580,665,840),(581,618,474),(582,54,27),(583,804,976),(584,269,75),(585,903,921),(586,437,377),(587,321,166),(588,597,84),(589,157,80),(590,501,452),(591,971,469),(592,773,819),(593,147,962),(594,770,234),(595,987,754),(596,284,545),(597,343,884),(598,250,964),(599,65,296),(600,506,366),(601,567,327),(602,528,700),(603,84,26),(604,24,897),(605,270,378),(606,372,773),(607,336,218),(608,632,661),(609,586,784),(610,156,879),(611,692,423),(612,372,769),(613,184,137),(614,294,469),(615,797,569),(616,642,546),(617,285,833),(618,866,977),(619,275,63),(620,803,648),(621,949,219),(622,757,708),(623,991,470),(624,189,88),(625,473,19),(626,694,787),(627,787,751),(628,238,814),(629,371,544),(630,998,558),(631,562,625),(632,15,277),(633,348,704),(634,966,207),(635,849,123),(636,553,890),(637,170,936),(638,345,58),(639,794,872),(640,389,182),(641,722,461),(642,141,666),(643,825,483),(644,22,682),(645,222,906),(646,486,350),(647,787,426),(648,411,103),(649,97,36),(650,174,611),(651,167,505),(652,441,635),(653,619,367),(654,647,50),(655,101,255),(656,53,472),(657,725,631),(658,893,42),(659,19,829),(660,817,24),(661,657,678),(662,415,910),(663,620,597),(664,675,766),(665,498,277),(666,206,88),(667,791,909),(668,413,699),(669,125,669),(670,138,257),(671,96,150),(672,683,257),(673,279,616),(674,181,58),(675,159,896),(676,636,813),(677,823,494),(678,448,732),(679,222,390),(680,443,359),(681,427,703),(682,95,537),(683,482,832),(684,280,56),(685,938,408),(686,663,734),(687,978,198),(688,482,752),(689,276,793),(690,232,659),(691,886,430),(692,586,175),(693,591,724),(694,783,496),(695,736,252),(696,274,865),(697,529,311),(698,388,634),(699,225,578),(700,129,84),(701,575,348),(702,875,358),(703,453,583),(704,221,882),(705,187,908),(706,173,721),(707,232,524),(708,997,56),(709,1,835),(710,605,609),(711,858,422),(712,800,186),(713,131,867),(714,89,150),(715,12,594),(716,996,745),(717,398,432),(718,990,542),(719,789,757),(720,601,482),(721,97,501),(722,219,116),(723,158,270),(724,668,217),(725,188,818),(726,566,900),(727,49,280),(728,290,277),(729,10,565),(730,446,265),(731,983,974),(732,620,264),(733,417,535),(734,231,779),(735,859,228),(736,890,957),(737,25,357),(738,405,69),(739,92,823),(740,615,944),(741,711,705),(742,694,769),(743,446,687),(744,547,928),(745,803,760),(746,596,522),(747,699,253),(748,718,852),(749,728,859),(750,293,566),(751,642,593),(752,815,765),(753,985,767),(754,478,265),(755,96,26),(756,849,330),(757,641,340),(758,259,894),(759,731,35),(760,106,272),(761,76,2),(762,955,999),(763,923,818),(764,752,644),(765,115,92),(766,537,857),(767,895,170),(768,837,234),(769,695,301),(770,904,119),(771,937,359),(772,961,536),(773,106,894),(774,450,170),(775,977,692),(776,606,510),(777,676,594),(778,361,725),(779,331,655),(780,655,392),(781,971,490),(782,890,368),(783,838,101),(784,542,903),(785,775,127),(786,518,572),(787,466,79),(788,335,290),(789,905,932),(790,509,828),(791,763,858),(792,798,374),(793,623,243),(794,616,917),(795,933,25),(796,614,139),(797,860,904),(798,194,478),(799,838,27),(800,141,122),(801,479,408),(802,28,830),(803,48,313),(804,88,722),(805,418,92),(806,605,333),(807,863,819),(808,974,46),(809,430,545),(810,509,707),(811,285,671),(812,839,398),(813,236,250),(814,910,52),(815,682,735),(816,868,508),(817,765,792),(818,474,998),(819,434,934),(820,576,690),(821,997,902),(822,880,888),(823,880,564),(824,340,341),(825,555,626),(826,715,457),(827,185,560),(828,958,696),(829,109,636),(830,784,859),(831,882,811),(832,867,420),(833,435,284),(834,303,636),(835,49,69),(836,64,408),(837,646,759),(838,919,5),(839,199,167),(840,444,934),(841,954,112),(842,814,580),(843,547,728),(844,407,931),(845,615,220),(846,736,759),(847,877,86),(848,773,768),(849,331,205),(850,311,190),(851,615,754),(852,587,488),(853,857,218),(854,522,388),(855,595,565),(856,699,913),(857,230,23),(858,873,103),(859,502,419),(860,11,539),(861,293,410),(862,609,126),(863,349,616),(864,716,692),(865,269,710),(866,262,176),(867,925,785),(868,406,725),(869,750,918),(870,429,583),(871,741,391),(872,936,810),(873,120,210),(874,114,809),(875,577,918),(876,627,720),(877,146,580),(878,644,47),(879,491,160),(880,696,257),(881,620,220),(882,142,826),(883,960,659),(884,876,280),(885,236,399),(886,722,850),(887,695,678),(888,455,67),(889,130,555),(890,998,596),(891,671,159),(892,102,620),(893,215,503),(894,722,407),(895,234,709),(896,864,956),(897,561,82),(898,444,991),(899,251,432),(900,394,822),(901,362,313),(902,701,72),(903,148,249),(904,272,846),(905,478,332),(906,695,15),(907,210,146),(908,65,190),(909,532,945),(910,852,685),(911,295,406),(912,694,973),(913,26,31),(914,753,603),(915,40,372),(916,679,626),(917,900,415),(918,539,366),(919,690,375),(920,97,66),(921,313,478),(922,556,268),(923,4,251),(924,957,873),(925,2,759),(926,33,608),(927,544,465),(928,953,944),(929,900,859),(930,99,600),(931,918,254),(932,495,969),(933,446,919),(934,567,768),(935,682,24),(936,546,111),(937,379,662),(938,198,88),(939,266,553),(940,704,989),(941,134,568),(942,618,664),(943,999,462),(944,996,961),(945,331,437),(946,644,412),(947,910,712),(948,716,236),(949,286,256),(950,884,373),(951,280,994),(952,835,6),(953,63,255),(954,781,323),(955,649,976),(956,51,961),(957,213,201),(958,304,796),(959,496,667),(960,952,76),(961,737,534),(962,460,997),(963,615,307),(964,420,53),(965,996,88),(966,820,937),(967,307,710),(968,720,26),(969,170,339),(970,690,364),(971,951,145),(972,945,84),(973,299,122),(974,188,274),(975,477,163),(976,415,1),(977,834,361),(978,483,403),(979,906,40),(980,612,466),(981,20,691),(982,651,695),(983,722,700),(984,782,803),(985,442,55),(986,620,425),(987,199,717),(988,6,108),(989,403,110),(990,651,396),(991,727,356),(992,893,918),(993,349,461),(994,674,746),(995,274,26),(996,633,887),(997,968,428),(998,336,332),(999,471,336),(1000,865,370);
/*!40000 ALTER TABLE `origin` ENABLE KEYS */;
UNLOCK TABLES;

--
-- Table structure for table `position`
--

DROP TABLE IF EXISTS `position`;
/*!40101 SET @saved_cs_client     = @@character_set_client */;
/*!50503 SET character_set_client = utf8mb4 */;
CREATE TABLE `position` (
  `pos_id` int NOT NULL AUTO_INCREMENT,
  `pos_name` varchar(45) DEFAULT NULL,
  PRIMARY KEY (`pos_id`)
) ENGINE=InnoDB AUTO_INCREMENT=8 DEFAULT CHARSET=utf8mb3;
/*!40101 SET character_set_client = @saved_cs_client */;

--
-- Dumping data for table `position`
--

LOCK TABLES `position` WRITE;
/*!40000 ALTER TABLE `position` DISABLE KEYS */;
INSERT INTO `position` VALUES (1,'captain'),(2,'chief officer'),(3,'second officer'),(4,'chief engineer'),(5,'second engineer'),(6,'third engineer'),(7,'crew');
/*!40000 ALTER TABLE `position` ENABLE KEYS */;
UNLOCK TABLES;

--
-- Table structure for table `relation`
--

DROP TABLE IF EXISTS `relation`;
/*!40101 SET @saved_cs_client     = @@character_set_client */;
/*!50503 SET character_set_client = utf8mb4 */;
CREATE TABLE `relation` (
  `rel_id` int NOT NULL AUTO_INCREMENT,
  `rel_name` varchar(45) DEFAULT NULL,
  PRIMARY KEY (`rel_id`)
) ENGINE=InnoDB AUTO_INCREMENT=4 DEFAULT CHARSET=utf8mb3;
/*!40101 SET character_set_client = @saved_cs_client */;

--
-- Dumping data for table `relation`
--

LOCK TABLES `relation` WRITE;
/*!40000 ALTER TABLE `relation` DISABLE KEYS */;
INSERT INTO `relation` VALUES (1,'daughter'),(2,'son'),(3,'spouse');
/*!40000 ALTER TABLE `relation` ENABLE KEYS */;
UNLOCK TABLES;

--
-- Table structure for table `ship`
--

DROP TABLE IF EXISTS `ship`;
/*!40101 SET @saved_cs_client     = @@character_set_client */;
/*!50503 SET character_set_client = utf8mb4 */;
CREATE TABLE `ship` (
  `ship_id` int NOT NULL AUTO_INCREMENT,
  `ship_imo` int DEFAULT NULL,
  `ship_name` varchar(145) DEFAULT NULL,
  `ship_type` varchar(145) DEFAULT NULL,
  `ship_shipping_dt` date DEFAULT NULL,
  PRIMARY KEY (`ship_id`),
  UNIQUE KEY `ship_imo_UNIQUE` (`ship_imo`)
) ENGINE=InnoDB AUTO_INCREMENT=21 DEFAULT CHARSET=utf8mb3;
/*!40101 SET character_set_client = @saved_cs_client */;

--
-- Dumping data for table `ship`
--

LOCK TABLES `ship` WRITE;
/*!40000 ALTER TABLE `ship` DISABLE KEYS */;
INSERT INTO `ship` VALUES (1,9876543,'Sea Serenity','Cargo Ship','2001-06-28'),(2,5432109,'Starlight Voyager','Container Ship','2003-11-23'),(3,2468013,'Ocean Majesty','Oil Tanker','2008-09-12'),(4,1122334,'Aquamarine Dream','Cruise Ship','2001-09-06'),(5,7778889,'Eternal Horizon','Bulk Carrier','2013-11-24'),(6,5432167,'Silver Crest','Tugboat','2010-04-09'),(7,9876123,'Neptune Pride','Ferry','2005-01-02'),(8,3141592,'Midnight Pearl','Yacht','2014-08-16'),(9,8888777,'Solaris Explorer','Research Vessel','1997-06-02'),(10,4567890,'Azure Wind','Naval Destroyer','1998-12-19');
/*!40000 ALTER TABLE `ship` ENABLE KEYS */;
UNLOCK TABLES;

--
-- Table structure for table `ship_traveling`
--

DROP TABLE IF EXISTS `ship_traveling`;
/*!40101 SET @saved_cs_client     = @@character_set_client */;
/*!50503 SET character_set_client = utf8mb4 */;
CREATE TABLE `ship_traveling` (
  `shiptrv_id` int NOT NULL AUTO_INCREMENT,
  `shiptrv_edd` date DEFAULT NULL,
  `shiptrv_eda` date DEFAULT NULL,
  `shiptrv_add` date DEFAULT NULL,
  `shiptrv_ada` date DEFAULT NULL,
  `shiptrv_etd` time DEFAULT NULL,
  `shiptrv_eta` time DEFAULT NULL,
  `shiptrv_atd` time DEFAULT NULL,
  `shiptrv_ata` time DEFAULT NULL,
  `shiptrv_trv_id` int DEFAULT NULL,
  `shiptrv_ship_id` int DEFAULT NULL,
  PRIMARY KEY (`shiptrv_id`),
  KEY `fk22_idx` (`shiptrv_trv_id`),
  KEY `fk23_idx` (`shiptrv_ship_id`),
  CONSTRAINT `fk22` FOREIGN KEY (`shiptrv_trv_id`) REFERENCES `travel` (`trv_id`) ON DELETE RESTRICT ON UPDATE CASCADE,
  CONSTRAINT `fk23` FOREIGN KEY (`shiptrv_ship_id`) REFERENCES `ship` (`ship_id`) ON DELETE RESTRICT ON UPDATE CASCADE
) ENGINE=InnoDB AUTO_INCREMENT=21 DEFAULT CHARSET=utf8mb3;
/*!40101 SET character_set_client = @saved_cs_client */;

--
-- Dumping data for table `ship_traveling`
--

LOCK TABLES `ship_traveling` WRITE;
/*!40000 ALTER TABLE `ship_traveling` DISABLE KEYS */;
INSERT INTO `ship_traveling` VALUES (1,'2002-03-03','2002-03-05','2003-03-03','2003-03-05','14:38:00','07:54:00','14:48:00','08:05:00',5,10),(2,'2013-07-11','2013-07-23','2013-07-11','2013-07-24','05:36:00','09:33:00','04:07:00','08:52:00',13,7),(3,'2010-06-20','2010-06-23','2010-06-21','2010-06-24','09:57:00','08:20:00','10:00:00','08:37:00',7,6),(4,'2015-01-07','2015-01-07','2015-01-07','2015-01-07','06:22:00','22:10:00','06:34:00','22:22:00',3,3),(5,'2012-05-20','2012-05-24','2012-05-20','2012-05-25','09:52:00','10:33:00','10:33:00','10:50:00',20,2),(6,'2019-11-21','2019-11-25','2019-11-21','2019-11-25','12:35:00','19:01:00','12:36:00','19:03:00',18,7),(7,'1997-09-15','1997-09-25','1997-09-15','1997-09-26','03:56:00','03:17:00','04:36:00','04:11:00',11,10),(8,'2014-06-08','2014-06-11','2014-06-08','2014-06-11','07:43:00','07:09:00','08:00:00','07:19:00',18,4),(9,'2005-12-16','2005-12-17','2005-12-16','2005-12-17','02:44:00','23:27:00','02:44:00','23:27:00',9,3),(10,'2012-10-20','2012-10-26','2012-10-20','2012-10-26','22:23:00','00:39:00','22:46:00','01:07:00',24,3),(11,'2024-03-10','2024-05-02','2024-03-10','2024-05-03','22:35:00','11:19:00','22:36:00','11:22:00',14,6),(12,'2002-04-03','2002-04-05','2003-04-03','2003-04-05','14:38:00','07:54:00','14:48:00','08:05:00',5,10),(13,'2019-07-11','2019-07-23','2019-07-11','2019-07-24','05:36:00','09:33:00','04:07:00','08:52:00',13,7),(14,'2020-06-20','2020-06-24','2020-06-21','2020-06-25','09:57:00','08:20:00','10:00:00','08:37:00',7,6),(15,'2015-01-07','2015-01-07','2015-01-07','2015-01-07','06:22:00','22:10:00','06:34:00','22:22:00',3,3),(16,'2022-05-20','2022-05-24','2022-05-20','2022-05-25','09:52:00','10:33:00','10:33:00','10:50:00',20,2),(17,'2019-12-21','2019-12-25','2019-12-21','2019-12-25','12:35:00','19:01:00','12:36:00','19:03:00',18,7),(18,'2023-09-15','2023-09-25','2023-09-15','1997-09-26','03:56:00','03:17:00','04:36:00','04:11:00',11,10),(19,'2014-09-08','2014-09-11','2014-09-08','2014-09-11','07:43:00','07:09:00','08:00:00','07:19:00',18,4),(20,'2005-12-16','2005-12-17','2005-12-16','2005-12-17','06:44:00','22:27:00','06:44:00','22:27:00',9,3);
/*!40000 ALTER TABLE `ship_traveling` ENABLE KEYS */;
UNLOCK TABLES;

--
-- Table structure for table `staff`
--

DROP TABLE IF EXISTS `staff`;
/*!40101 SET @saved_cs_client     = @@character_set_client */;
/*!50503 SET character_set_client = utf8mb4 */;
CREATE TABLE `staff` (
  `emp_id` int NOT NULL AUTO_INCREMENT,
  `stf_pass_no` varchar(25) DEFAULT NULL,
  `stf_pass_expiration_dt` date DEFAULT NULL,
  `stf_position` int DEFAULT NULL,
  PRIMARY KEY (`emp_id`),
  UNIQUE KEY `stf_pass_no_UNIQUE` (`stf_pass_no`),
  KEY `fk15_idx` (`stf_position`),
  CONSTRAINT `fk15` FOREIGN KEY (`stf_position`) REFERENCES `position` (`pos_id`) ON DELETE RESTRICT ON UPDATE CASCADE,
  CONSTRAINT `fk3` FOREIGN KEY (`emp_id`) REFERENCES `employee` (`emp_id`)
) ENGINE=InnoDB AUTO_INCREMENT=501 DEFAULT CHARSET=utf8mb3;
/*!40101 SET character_set_client = @saved_cs_client */;

--
-- Dumping data for table `staff`
--

LOCK TABLES `staff` WRITE;
/*!40000 ALTER TABLE `staff` DISABLE KEYS */;
INSERT INTO `staff` VALUES (1,'AU987654','2026-05-26',2),(2,'BR876543','2028-12-06',4),(3,'CW765432','2025-10-08',5),(4,'DX654321','2024-09-18',6),(5,'EY543210','2028-01-02',3),(6,'FZ432109','2026-08-13',1),(7,'GA321098','2031-10-01',4),(8,'HB210987','2029-11-23',2),(9,'IC109876','2025-02-20',5),(10,'JD098765','2030-10-15',2),(11,'KE987654','2034-04-20',4),(12,'LF876543','2032-03-20',4),(13,'MG765432','2032-05-03',1),(14,'NH654321','2024-11-17',5),(15,'OI543210','2033-05-15',4),(16,'PJ432109','2028-07-05',6),(17,'QK321098','2034-11-21',4),(18,'RL210987','2027-01-19',3),(19,'SM109876','2032-10-05',3),(20,'TN098765','2031-05-07',1),(21,'UO987654','2030-05-04',4),(22,'VP876543','2029-05-02',6),(23,'WQ765432','2027-05-16',6),(24,'XR654321','2024-08-09',4),(25,'YS543210','2033-02-12',3),(26,'ZT432109','2032-12-26',2),(27,'AU321098','2032-10-18',7),(28,'BR210987','2029-04-09',3),(29,'CW109876','2031-10-02',3),(30,'DX098765','2026-08-18',3),(31,'EY987654','2027-11-27',2),(32,'FZ876543','2032-08-24',2),(33,'GA765432','2034-02-21',7),(34,'HB654321','2028-01-09',2),(35,'IC543210','2026-02-09',5),(36,'JD432109','2025-12-30',3),(37,'KE321098','2034-12-03',3),(38,'LF210987','2031-08-20',7),(39,'MG109876','2033-07-29',5),(40,'NH098765','2033-11-20',3),(41,'OI987654','2028-05-15',2),(42,'PJ876543','2031-08-08',6),(43,'QK765432','2032-06-04',7),(44,'RL654321','2033-06-08',6),(45,'SM543210','2032-07-14',4),(46,'TN432109','2034-05-30',6),(47,'UO321098','2034-12-14',7),(48,'VP210987','2026-05-30',2),(49,'WQ109876','2034-01-13',6),(50,'XR098765','2026-06-29',4),(51,'YS987654','2026-07-11',1),(52,'ZT876543','2028-02-21',1),(53,'AU765432','2025-09-18',1),(54,'BR654321','2029-05-09',2),(55,'CW543210','2026-01-03',3),(56,'DX432109','2026-05-30',2),(57,'EY321098','2028-09-05',5),(58,'FZ210987','2026-09-30',4),(59,'GA109876','2031-08-21',2),(60,'HB098765','2030-09-14',2),(61,'IC987654','2029-10-30',4),(62,'JD876543','2027-01-23',4),(63,'KE765432','2033-01-18',7),(64,'LF654321','2026-12-10',3),(65,'MG543210','2032-04-02',6),(66,'NH432109','2034-09-08',1),(67,'OI321098','2030-04-22',4),(68,'PJ210987','2033-04-28',2),(69,'QK109876','2027-10-05',5),(70,'RL098765','2025-07-21',1),(71,'SM987654','2032-04-14',5),(72,'TN876543','2026-01-20',7),(73,'UO765432','2031-11-15',2),(74,'VP654321','2025-02-20',3),(75,'WQ543210','2026-05-02',6),(76,'XR432109','2025-01-05',3),(77,'YS321098','2032-05-11',1),(78,'ZT210987','2029-11-01',4),(79,'AU109876','2026-10-12',7),(80,'BR098765','2033-05-25',3),(81,'CW987654','2028-01-29',7),(82,'DX876543','2024-09-14',6),(83,'EY765432','2032-10-31',7),(84,'FZ654321','2026-09-29',7),(85,'GA543210','2034-12-17',4),(86,'HB432109','2034-10-07',4),(87,'IC321098','2030-10-27',7),(88,'JD210987','2034-12-14',6),(89,'KE109876','2024-08-21',7),(90,'LF098765','2027-03-02',5),(91,'MG987654','2030-07-16',2),(92,'NH876543','2026-02-26',1),(93,'OI765432','2029-05-13',3),(94,'PJ654321','2034-05-15',3),(95,'QK543210','2029-08-25',1),(96,'RL432109','2030-03-13',6),(97,'SM321098','2028-04-20',2),(98,'TN210987','2030-09-30',7),(99,'UO109876','2033-05-07',3),(100,'VP098765','2024-09-05',4),(101,'AU876321','2027-11-07',7),(102,'BR765210','2033-12-25',7),(103,'CW654109','2032-01-11',7),(104,'DX543098','2028-06-25',7),(105,'EY432987','2032-04-29',7),(106,'FZ321876','2025-11-22',4),(107,'GA210765','2027-03-30',5),(108,'HB109654','2034-04-01',7),(109,'IC098543','2034-05-10',6),(110,'JD987432','2031-08-16',5),(111,'KE876321','2033-08-19',7),(112,'LF765210','2028-01-30',7),(113,'MG654109','2027-07-05',5),(114,'NH543098','2027-12-29',7),(115,'OI432987','2031-02-13',2),(116,'PJ321876','2028-01-26',5),(117,'QK210765','2032-06-30',6),(118,'RL109654','2028-04-08',2),(119,'SM098543','2024-10-14',5),(120,'TN987432','2034-12-19',7),(121,'UO876321','2025-11-18',5),(122,'VP765210','2026-01-19',2),(123,'WQ654109','2024-12-14',1),(124,'XR543098','2025-10-10',2),(125,'YS432987','2027-07-11',6),(126,'ZT321876','2028-09-10',4),(127,'AU210765','2028-02-05',1),(128,'BR109654','2024-10-21',2),(129,'CW098543','2028-07-05',4),(130,'DX987432','2028-03-10',5),(131,'EY876321','2032-03-25',2),(132,'FZ765210','2033-10-16',7),(133,'GA654109','2033-10-08',7),(134,'HB543098','2029-05-22',7),(135,'IC432987','2028-11-10',4),(136,'JD321876','2034-01-31',7),(137,'KE210765','2033-01-12',3),(138,'LF109654','2029-12-17',1),(139,'MG098543','2029-03-16',1),(140,'NH987432','2025-04-12',4),(141,'OI876321','2025-05-13',4),(142,'PJ765210','2029-12-16',1),(143,'QK654109','2027-05-20',1),(144,'RL543098','2028-05-22',2),(145,'SM432987','2031-05-14',7),(146,'TN321876','2035-02-18',3),(147,'UO210765','2027-02-17',4),(148,'VP109654','2025-06-28',4),(149,'WQ098543','2030-12-05',7),(150,'XR987432','2028-05-25',6),(151,'YS876321','2032-02-14',4),(152,'ZT765210','2025-09-15',7),(153,'AU654109','2029-07-28',2),(154,'BR543098','2026-11-10',6),(155,'CW432987','2032-04-13',7),(156,'DX321876','2031-12-06',6),(157,'EY210765','2034-12-07',5),(158,'FZ109654','2027-12-25',1),(159,'GA098543','2033-07-30',1),(160,'HB987432','2032-10-07',7),(161,'IC876321','2031-01-01',1),(162,'JD765210','2034-07-30',5),(163,'KE654109','2035-01-12',2),(164,'LF543098','2027-08-18',1),(165,'MG432987','2029-07-11',7),(166,'NH321876','2026-02-17',7),(167,'OI210765','2028-04-09',1),(168,'PJ109654','2026-03-13',4),(169,'QK098543','2030-06-11',3),(170,'RL987432','2031-07-25',1),(171,'SM876321','2032-06-20',6),(172,'TN765210','2027-03-17',5),(173,'UO654109','2029-03-31',7),(174,'VP543098','2028-06-22',2),(175,'WQ432987','2033-12-14',5),(176,'XR321876','2030-10-03',6),(177,'YS210765','2028-08-26',6),(178,'ZT109654','2027-10-06',4),(179,'AU098543','2032-05-31',1),(180,'BR987432','2033-02-21',1),(181,'CW876321','2032-05-19',5),(182,'DX765210','2029-03-15',5),(183,'EY654109','2032-12-06',1),(184,'FZ543098','2029-07-14',2),(185,'GA432987','2031-10-16',7),(186,'HB321876','2028-05-30',5),(187,'IC210765','2026-12-17',3),(188,'JD109654','2025-09-07',2),(189,'KE098543','2029-03-14',5),(190,'LF987432','2033-07-21',2),(191,'MG876321','2024-12-15',1),(192,'NH765210','2029-06-20',5),(193,'OI654109','2028-06-09',3),(194,'PJ543098','2031-04-29',7),(195,'QK432987','2028-10-16',1),(196,'RL321876','2031-07-10',5),(197,'SM210765','2025-02-21',4),(198,'TN109654','2029-06-13',3),(199,'UO098543','2024-10-27',3),(200,'VP987432','2035-02-20',7),(201,'KE543210','2028-01-04',1),(202,'QK110987','2035-02-01',2),(203,'RL221098','2029-11-02',6),(204,'SM332109','2032-11-16',2),(205,'TN443210','2028-04-03',6),(206,'UO554321','2028-10-24',7),(207,'VP665432','2033-04-12',5),(208,'WQ776543','2028-11-21',1),(209,'XR887654','2029-05-05',3),(210,'YS998765','2026-03-26',1),(211,'ZT009876','2027-08-26',7),(212,'AU112098','2025-09-16',7),(213,'BR223109','2027-09-29',3),(214,'CW334210','2025-08-16',6),(215,'DX445321','2034-12-21',5),(216,'EY556432','2026-02-14',4),(217,'FZ667543','2031-06-19',7),(218,'GA778654','2029-04-08',1),(219,'HB889765','2033-10-18',1),(220,'IC990876','2024-09-28',6),(221,'JD001987','2032-06-27',4),(222,'KE112098','2026-04-11',3),(223,'LF223109','2031-07-24',2),(224,'MG334210','2031-10-17',7),(225,'NH445321','2025-10-27',4),(226,'OI556432','2034-04-06',1),(227,'PJ667543','2027-05-12',7),(228,'QK778654','2031-11-06',7),(229,'RL889765','2032-02-18',2),(230,'SM990876','2029-03-11',1),(231,'TN001987','2031-11-11',5),(232,'UO112098','2027-01-04',6),(233,'VP223109','2025-12-17',5),(234,'WQ334210','2033-09-20',6),(235,'XR445321','2031-01-02',1),(236,'YS556432','2028-07-02',6),(237,'ZT667543','2024-08-03',2),(238,'AU778654','2027-04-03',3),(239,'BR889765','2030-11-18',5),(240,'CW990876','2025-08-23',1),(241,'DX001987','2026-04-14',4),(242,'EY112098','2029-01-07',5),(243,'FZ223109','2031-10-26',7),(244,'GA334210','2034-07-30',5),(245,'HB445321','2031-10-19',2),(246,'IC556432','2029-11-28',1),(247,'JD667543','2033-09-01',2),(248,'KE778654','2031-06-24',3),(249,'LF889765','2032-01-09',5),(250,'MG990876','2032-04-13',3),(251,'NH001987','2034-11-01',7),(252,'OI112098','2026-10-24',5),(253,'PJ223109','2024-11-29',6),(254,'QK334210','2026-09-12',3),(255,'RL445321','2027-04-05',3),(256,'SM556432','2026-06-02',5),(257,'TN667543','2028-11-13',4),(258,'UO778654','2026-07-23',4),(259,'VP889765','2034-11-08',6),(260,'WQ990876','2028-04-05',3),(261,'XR001987','2026-03-13',7),(262,'YS112098','2034-02-13',6),(263,'ZT223109','2031-01-03',4),(264,'AU334210','2028-02-14',1),(265,'BR445321','2029-02-12',5),(266,'CW556432','2025-04-05',4),(267,'DX667543','2029-09-12',3),(268,'EY778654','2033-08-16',1),(269,'FZ889765','2032-06-03',3),(270,'GA990876','2032-11-10',3),(271,'HB001987','2031-06-22',5),(272,'IC112098','2029-09-28',6),(273,'JD223109','2029-04-16',6),(274,'KE334210','2026-11-04',3),(275,'LF445321','2025-11-25',5),(276,'MG556432','2025-04-17',5),(277,'NH667543','2027-06-26',5),(278,'OI778654','2026-06-14',2),(279,'PJ889765','2028-06-04',6),(280,'QK990876','2028-10-09',2),(281,'RL001987','2031-02-19',7),(282,'SM112098','2031-11-21',7),(283,'TN223109','2030-02-26',6),(284,'UO334210','2032-11-23',2),(285,'VP445321','2034-08-01',2),(286,'WQ556432','2030-03-31',6),(287,'XR667543','2033-11-10',6),(288,'YS778654','2031-08-29',4),(289,'ZT889765','2029-12-02',2),(290,'AU990876','2033-11-16',3),(291,'BR001987','2025-01-20',4),(292,'CW112098','2027-08-21',4),(293,'DX223109','2027-08-30',7),(294,'EY334210','2033-04-02',3),(295,'FZ445321','2031-10-17',7),(296,'GA556432','2033-09-16',6),(297,'HB667543','2027-11-02',2),(298,'IC778654','2033-07-06',2),(299,'JD889765','2028-09-11',2),(300,'KE990876','2029-03-15',2),(301,'LF001987','2029-01-17',3),(302,'MG112098','2034-05-24',2),(303,'NH223109','2028-07-10',2),(304,'OI334210','2025-07-16',5),(305,'PJ445321','2029-11-20',4),(306,'QK556432','2031-04-19',4),(307,'RL667543','2024-08-29',1),(308,'SM778654','2029-06-06',4),(309,'TN889765','2028-11-16',7),(310,'UO990876','2027-11-25',4),(311,'VP001987','2030-04-22',6),(312,'WQ112098','2033-05-10',6),(313,'XR223109','2029-09-05',2),(314,'YS334210','2029-10-20',7),(315,'ZT445321','2032-05-08',5),(316,'AU556432','2030-11-13',2),(317,'BR667543','2027-03-17',5),(318,'CW778654','2025-08-05',6),(319,'DX889765','2033-01-26',5),(320,'EY990876','2033-11-25',5),(321,'FZ001987','2028-08-20',7),(322,'GA112098','2033-10-03',2),(323,'HB223109','2025-12-18',1),(324,'IC334210','2034-07-23',6),(325,'JD445321','2034-01-15',4),(326,'KE556432','2034-02-07',3),(327,'LF667543','2027-02-07',6),(328,'MG778654','2026-03-10',5),(329,'NH889765','2032-05-12',7),(330,'OI990876','2025-10-09',7),(331,'PJ001987','2025-03-17',5),(332,'QK112098','2028-05-26',5),(333,'RL223109','2028-06-21',6),(334,'SM334210','2027-11-16',2),(335,'TN445321','2033-03-23',1),(336,'UO556432','2030-06-10',1),(337,'VP667543','2032-07-07',5),(338,'WQ778654','2029-05-01',5),(339,'XR889765','2027-09-23',3),(340,'YS990876','2026-05-10',2),(341,'AB654321','2026-12-20',7),(342,'CD543210','2034-10-05',7),(343,'EF432109','2026-02-19',3),(344,'GH321098','2031-12-01',6),(345,'IJ210987','2029-03-04',4),(346,'KL109876','2032-10-01',3),(347,'MN098765','2030-03-27',2),(348,'OP987654','2027-02-17',2),(349,'QR876543','2031-11-19',2),(350,'ST765432','2026-09-24',1),(351,'UV654321','2027-01-16',7),(352,'WX543210','2030-11-08',7),(353,'YZ432109','2027-02-17',6),(354,'AB321098','2029-07-13',6),(355,'CD210987','2024-10-19',6),(356,'EF109876','2025-05-14',7),(357,'GH098765','2026-01-12',6),(358,'IJ987654','2034-08-23',7),(359,'KL876543','2027-04-05',2),(360,'MN765432','2032-04-17',1),(361,'OP654321','2034-11-11',7),(362,'QR543210','2026-08-02',3),(363,'ST432109','2024-09-24',4),(364,'UV321098','2032-09-20',3),(365,'WX210987','2029-08-20',7),(366,'YZ109876','2034-04-17',3),(367,'AB098765','2026-01-24',5),(368,'CD987654','2033-08-23',5),(369,'EF876543','2031-05-27',5),(370,'GH765432','2028-04-30',5),(371,'IJ654321','2029-02-27',7),(372,'KL543210','2032-06-13',5),(373,'MN432109','2030-03-13',6),(374,'OP321098','2025-07-19',5),(375,'QR210987','2034-12-26',2),(376,'ST109876','2034-07-26',2),(377,'UV098765','2033-11-16',4),(378,'WX987654','2029-12-05',5),(379,'YZ876543','2032-04-11',4),(380,'AB765432','2030-11-24',5),(381,'CD654321','2035-01-30',1),(382,'EF543210','2026-02-22',1),(383,'GH432109','2027-02-01',6),(384,'IJ321098','2034-10-04',5),(385,'KL210987','2033-03-21',1),(386,'MN109876','2031-04-23',5),(387,'OP098765','2034-09-21',4),(388,'QR987654','2027-10-16',3),(389,'ST876543','2031-07-05',4),(390,'UV765432','2027-03-20',2),(391,'WX654321','2027-01-30',2),(392,'YZ543210','2030-05-25',6),(393,'AB432109','2029-05-17',5),(394,'CD321098','2028-11-07',6),(395,'EF210987','2025-02-02',7),(396,'GH109876','2027-02-17',3),(397,'IJ098765','2029-07-28',1),(398,'KL987654','2024-09-20',7),(399,'MN876543','2030-03-21',1),(400,'OP765432','2025-09-28',1),(401,'QR654321','2033-07-06',3),(402,'ST543210','2033-03-03',4),(403,'UV432109','2034-07-16',1),(404,'WX321098','2024-09-21',1),(405,'YZ210987','2035-02-22',7),(406,'AB109876','2030-08-22',2),(407,'CD098765','2034-07-16',4),(408,'EF987654','2033-12-19',6),(409,'GH876543','2034-09-24',1),(410,'IJ765432','2030-08-05',1),(411,'KL654321','2029-07-01',4),(412,'MN543210','2034-01-17',5),(413,'OP432109','2034-12-28',5),(414,'QR321098','2024-09-11',1),(415,'ST210987','2028-12-25',6),(416,'UV109876','2034-04-30',5),(417,'WX098765','2032-05-16',3),(418,'YZ987654','2034-08-12',3),(419,'AB876543','2026-08-08',5),(420,'CD765432','2035-02-05',6),(421,'EF654321','2030-03-15',3),(422,'GH543210','2028-03-09',2),(423,'IJ432109','2026-03-16',2),(424,'KL321098','2025-12-01',4),(425,'MN210987','2025-08-23',2),(426,'OP109876','2032-05-02',1),(427,'QR098765','2027-03-26',6),(428,'ST987654','2024-09-25',1),(429,'UV876543','2024-12-23',1),(430,'WX765432','2029-04-27',5),(431,'YZ654321','2029-11-04',5),(432,'AB543210','2034-08-19',2),(433,'CD432109','2031-02-05',6),(434,'EF321098','2031-09-19',4),(435,'GH210987','2033-03-11',3),(436,'IJ109876','2034-01-24',6),(437,'KL098765','2034-12-01',3),(438,'MN987654','2026-04-20',1),(439,'OP876543','2030-10-30',7),(440,'QR765432','2024-10-17',1),(441,'ST654321','2028-10-06',2),(442,'UV543210','2031-10-08',4),(443,'WX432109','2028-02-11',2),(444,'YZ321098','2028-11-27',7),(445,'AB210987','2029-03-09',3),(446,'CD109876','2024-09-29',7),(447,'EF098765','2033-01-08',7),(448,'GH987654','2030-04-24',6),(449,'IJ876543','2024-08-22',1),(450,'KL765432','2030-03-10',2),(451,'MN654321','2030-02-07',4),(452,'OP543210','2025-08-21',2),(453,'QR432109','2034-07-01',4),(454,'ST321098','2026-07-26',4),(455,'UV210987','2034-07-01',7),(456,'WX109876','2029-08-19',7),(457,'YZ098765','2031-11-07',1),(458,'AB987654','2032-05-23',5),(459,'CD876543','2029-04-16',3),(460,'EF765432','2026-03-19',2),(461,'GH654321','2027-03-08',5),(462,'IJ543210','2033-09-25',3),(463,'KL432109','2029-06-26',2),(464,'MN321098','2031-04-26',5),(465,'OP210987','2024-11-24',1),(466,'QR109876','2024-11-08',6),(467,'ST098765','2028-05-15',7),(468,'UV987654','2026-09-05',3),(469,'WX876543','2024-09-16',4),(470,'YZ765432','2029-11-04',1),(471,'SD123456','2034-04-02',3),(472,'SD654321','2028-02-14',6),(473,'SD987654','2027-01-07',7),(474,'SD234567','2025-04-07',2),(475,'SD876543','2029-09-27',4),(476,'SD345678','2032-04-12',1),(477,'SD765432','2029-04-05',1),(478,'SD456789','2030-02-26',4),(479,'SD543210','2031-03-23',3),(480,'SD987123','2032-06-01',2),(481,'SD321098','2029-04-05',1),(482,'SD456009','2027-10-06',6),(483,'SD870543','2025-03-25',7),(484,'SD230567','2026-10-27',6),(485,'SD054321','2027-12-04',5),(486,'SD003210','2029-04-01',3),(487,'SD900123','2034-06-23',3),(488,'SD320098','2024-09-09',4),(489,'SD305608','2033-10-21',6),(490,'SD806540','2032-08-08',2),(491,'SD987000','2031-04-25',2),(492,'SD654300','2029-12-05',3),(493,'SD120056','2032-12-13',4),(494,'SD204567','2029-10-12',4),(495,'SD541110','2027-01-16',1),(496,'SD933123','2028-06-25',1),(497,'SD875543','2034-02-08',4),(498,'SD342278','2025-01-30',7),(499,'SD322098','2026-02-17',4),(500,'SD411789','2026-06-21',4);
/*!40000 ALTER TABLE `staff` ENABLE KEYS */;
UNLOCK TABLES;

--
-- Table structure for table `staff_traveling`
--

DROP TABLE IF EXISTS `staff_traveling`;
/*!40101 SET @saved_cs_client     = @@character_set_client */;
/*!50503 SET character_set_client = utf8mb4 */;
CREATE TABLE `staff_traveling` (
  `stftrv_id` int NOT NULL AUTO_INCREMENT,
  `stftrv_trv_id` int DEFAULT NULL,
  `stftrv_emp_id` int DEFAULT NULL,
  PRIMARY KEY (`stftrv_id`),
  KEY `fk20_idx` (`stftrv_trv_id`),
  KEY `fk21_idx` (`stftrv_emp_id`),
  CONSTRAINT `fk20` FOREIGN KEY (`stftrv_trv_id`) REFERENCES `travel` (`trv_id`) ON DELETE RESTRICT ON UPDATE CASCADE,
  CONSTRAINT `fk21` FOREIGN KEY (`stftrv_emp_id`) REFERENCES `staff` (`emp_id`) ON DELETE RESTRICT ON UPDATE CASCADE
) ENGINE=InnoDB AUTO_INCREMENT=801 DEFAULT CHARSET=utf8mb3;
/*!40101 SET character_set_client = @saved_cs_client */;

--
-- Dumping data for table `staff_traveling`
--

LOCK TABLES `staff_traveling` WRITE;
/*!40000 ALTER TABLE `staff_traveling` DISABLE KEYS */;
INSERT INTO `staff_traveling` VALUES (1,14,324),(2,26,315),(3,18,234),(4,22,247),(5,5,250),(6,20,69),(7,10,363),(8,30,329),(9,28,46),(10,18,263),(11,13,416),(12,13,253),(13,4,355),(14,21,287),(15,23,129),(16,18,358),(17,18,242),(18,5,283),(19,30,40),(20,2,366),(21,15,388),(22,11,249),(23,25,30),(24,28,277),(25,20,289),(26,5,41),(27,4,302),(28,29,477),(29,25,171),(30,16,5),(31,6,110),(32,4,201),(33,7,141),(34,12,300),(35,8,7),(36,12,416),(37,17,21),(38,10,489),(39,20,415),(40,9,439),(41,18,394),(42,6,280),(43,22,345),(44,1,300),(45,30,488),(46,16,181),(47,5,324),(48,30,130),(49,28,48),(50,4,78),(51,26,116),(52,6,340),(53,20,290),(54,14,80),(55,23,346),(56,5,15),(57,6,176),(58,26,51),(59,1,102),(60,13,285),(61,25,272),(62,20,140),(63,29,25),(64,20,244),(65,28,289),(66,13,164),(67,27,306),(68,18,420),(69,18,237),(70,2,314),(71,27,147),(72,28,81),(73,27,435),(74,7,42),(75,21,269),(76,22,286),(77,23,1),(78,12,397),(79,8,1),(80,5,483),(81,17,192),(82,9,298),(83,25,252),(84,17,431),(85,10,17),(86,27,485),(87,29,155),(88,21,151),(89,21,475),(90,2,335),(91,26,175),(92,2,448),(93,3,316),(94,26,221),(95,7,45),(96,13,51),(97,3,309),(98,8,173),(99,6,16),(100,10,122),(101,4,19),(102,11,49),(103,22,380),(104,4,383),(105,27,350),(106,12,313),(107,16,372),(108,30,412),(109,9,350),(110,22,199),(111,8,406),(112,6,482),(113,10,148),(114,24,62),(115,12,140),(116,18,387),(117,28,149),(118,8,356),(119,20,50),(120,19,257),(121,3,354),(122,2,363),(123,26,241),(124,10,160),(125,8,63),(126,1,118),(127,22,18),(128,18,414),(129,19,246),(130,29,395),(131,4,427),(132,30,275),(133,13,484),(134,6,305),(135,13,403),(136,18,420),(137,26,465),(138,29,263),(139,8,306),(140,30,383),(141,1,169),(142,24,106),(143,6,232),(144,4,207),(145,11,184),(146,13,318),(147,30,424),(148,14,325),(149,6,271),(150,23,98),(151,6,170),(152,10,197),(153,7,424),(154,23,88),(155,20,7),(156,8,133),(157,30,416),(158,30,99),(159,22,475),(160,11,447),(161,8,227),(162,25,221),(163,28,89),(164,4,146),(165,26,165),(166,1,69),(167,16,138),(168,11,34),(169,26,63),(170,10,358),(171,10,106),(172,20,465),(173,19,10),(174,20,420),(175,21,17),(176,14,450),(177,15,178),(178,18,193),(179,25,453),(180,24,420),(181,27,76),(182,2,34),(183,30,323),(184,6,314),(185,8,146),(186,2,301),(187,21,269),(188,17,2),(189,22,147),(190,27,345),(191,30,330),(192,1,488),(193,4,92),(194,21,450),(195,10,436),(196,24,271),(197,9,203),(198,14,391),(199,15,302),(200,9,131),(201,7,481),(202,20,267),(203,17,233),(204,30,403),(205,7,332),(206,19,64),(207,6,80),(208,8,88),(209,10,127),(210,18,47),(211,28,204),(212,29,101),(213,1,63),(214,29,181),(215,12,321),(216,24,39),(217,21,166),(218,11,172),(219,21,88),(220,13,315),(221,11,25),(222,12,423),(223,21,139),(224,15,328),(225,23,394),(226,27,345),(227,21,149),(228,3,250),(229,3,466),(230,3,357),(231,26,268),(232,23,176),(233,15,399),(234,19,453),(235,18,441),(236,8,118),(237,10,438),(238,2,85),(239,17,386),(240,14,463),(241,26,26),(242,22,174),(243,11,486),(244,8,483),(245,17,495),(246,12,38),(247,24,150),(248,28,72),(249,11,144),(250,20,255),(251,26,24),(252,10,140),(253,28,474),(254,15,155),(255,11,383),(256,24,468),(257,12,15),(258,11,489),(259,12,68),(260,7,352),(261,11,72),(262,15,325),(263,15,344),(264,30,343),(265,25,146),(266,25,436),(267,29,257),(268,4,443),(269,30,10),(270,24,33),(271,25,407),(272,3,379),(273,9,413),(274,4,371),(275,7,81),(276,14,451),(277,12,309),(278,27,97),(279,28,391),(280,29,490),(281,9,300),(282,30,20),(283,12,93),(284,29,156),(285,20,435),(286,2,408),(287,23,421),(288,27,440),(289,30,230),(290,24,26),(291,11,453),(292,19,456),(293,16,437),(294,12,127),(295,14,54),(296,4,491),(297,7,163),(298,3,427),(299,23,417),(300,10,284),(301,12,33),(302,11,305),(303,5,214),(304,3,17),(305,18,142),(306,25,247),(307,25,139),(308,13,307),(309,1,185),(310,10,124),(311,27,92),(312,17,9),(313,8,143),(314,8,93),(315,27,3),(316,28,10),(317,3,316),(318,4,44),(319,7,237),(320,13,254),(321,1,15),(322,10,452),(323,22,298),(324,13,133),(325,13,27),(326,26,104),(327,26,77),(328,18,103),(329,1,58),(330,29,411),(331,20,420),(332,6,395),(333,9,446),(334,30,360),(335,7,274),(336,11,62),(337,19,169),(338,11,263),(339,5,409),(340,21,401),(341,9,418),(342,29,210),(343,5,350),(344,27,71),(345,22,257),(346,2,43),(347,12,182),(348,30,322),(349,28,156),(350,19,406),(351,21,342),(352,29,43),(353,15,36),(354,17,170),(355,13,463),(356,21,464),(357,28,410),(358,8,138),(359,24,233),(360,6,177),(361,27,244),(362,25,72),(363,2,3),(364,30,406),(365,26,466),(366,8,69),(367,16,432),(368,1,360),(369,19,475),(370,2,101),(371,29,94),(372,7,111),(373,19,78),(374,12,342),(375,18,106),(376,2,240),(377,28,437),(378,3,306),(379,10,103),(380,22,3),(381,4,273),(382,13,367),(383,30,194),(384,21,164),(385,27,38),(386,6,421),(387,6,321),(388,16,449),(389,1,327),(390,15,54),(391,14,393),(392,9,207),(393,14,336),(394,29,328),(395,20,87),(396,17,4),(397,13,438),(398,25,154),(399,15,58),(400,3,204),(401,9,115),(402,22,81),(403,7,119),(404,30,368),(405,8,169),(406,27,234),(407,2,171),(408,25,375),(409,7,166),(410,6,377),(411,28,398),(412,8,348),(413,23,431),(414,15,107),(415,11,392),(416,20,489),(417,5,401),(418,13,245),(419,13,406),(420,25,253),(421,16,377),(422,12,185),(423,18,458),(424,4,491),(425,26,221),(426,16,179),(427,18,178),(428,13,289),(429,30,196),(430,1,136),(431,10,247),(432,14,449),(433,21,393),(434,7,294),(435,7,283),(436,13,483),(437,14,40),(438,9,391),(439,27,59),(440,1,276),(441,25,17),(442,19,130),(443,21,166),(444,7,331),(445,8,340),(446,14,472),(447,26,232),(448,10,80),(449,2,431),(450,5,322),(451,25,280),(452,13,483),(453,29,347),(454,1,216),(455,6,313),(456,3,22),(457,3,203),(458,30,185),(459,4,416),(460,2,85),(461,14,191),(462,30,148),(463,17,380),(464,21,7),(465,13,327),(466,4,420),(467,23,204),(468,23,215),(469,18,169),(470,17,32),(471,4,381),(472,2,234),(473,11,361),(474,6,263),(475,24,415),(476,10,386),(477,13,250),(478,23,429),(479,3,332),(480,7,364),(481,7,46),(482,28,335),(483,19,173),(484,10,266),(485,21,275),(486,1,72),(487,28,117),(488,9,269),(489,19,332),(490,29,31),(491,9,37),(492,30,293),(493,1,112),(494,8,180),(495,15,145),(496,9,392),(497,6,470),(498,9,448),(499,27,99),(500,27,328),(501,16,110),(502,2,188),(503,15,168),(504,28,421),(505,12,131),(506,24,377),(507,30,340),(508,1,443),(509,28,369),(510,22,2),(511,30,464),(512,12,42),(513,23,284),(514,1,254),(515,24,58),(516,22,183),(517,14,341),(518,1,70),(519,23,20),(520,2,414),(521,7,58),(522,11,183),(523,24,202),(524,15,478),(525,26,13),(526,10,105),(527,15,191),(528,20,380),(529,6,185),(530,12,116),(531,16,81),(532,6,247),(533,27,191),(534,7,309),(535,15,136),(536,24,472),(537,24,84),(538,6,40),(539,13,312),(540,12,45),(541,22,277),(542,24,273),(543,21,86),(544,19,482),(545,20,338),(546,18,97),(547,15,217),(548,17,185),(549,8,229),(550,24,172),(551,3,206),(552,2,327),(553,1,152),(554,10,384),(555,12,204),(556,10,325),(557,17,456),(558,7,398),(559,9,395),(560,1,178),(561,9,314),(562,18,328),(563,28,361),(564,18,422),(565,23,487),(566,26,482),(567,23,414),(568,5,294),(569,18,292),(570,26,486),(571,29,220),(572,19,446),(573,5,408),(574,5,181),(575,10,83),(576,30,423),(577,27,45),(578,18,213),(579,21,392),(580,9,134),(581,25,102),(582,3,473),(583,14,253),(584,28,400),(585,20,125),(586,16,120),(587,1,70),(588,30,353),(589,6,279),(590,18,297),(591,29,277),(592,28,272),(593,11,74),(594,8,491),(595,10,149),(596,4,339),(597,7,337),(598,2,414),(599,10,37),(600,12,134),(601,24,360),(602,10,393),(603,28,418),(604,5,324),(605,4,192),(606,5,261),(607,3,67),(608,11,247),(609,6,213),(610,15,398),(611,17,42),(612,15,102),(613,2,339),(614,27,478),(615,10,11),(616,22,273),(617,21,232),(618,9,107),(619,14,27),(620,10,356),(621,5,454),(622,5,49),(623,21,316),(624,12,268),(625,3,164),(626,24,298),(627,10,144),(628,23,28),(629,8,223),(630,1,464),(631,16,154),(632,2,464),(633,2,474),(634,6,427),(635,10,29),(636,25,149),(637,3,327),(638,10,83),(639,22,29),(640,15,286),(641,10,473),(642,29,427),(643,2,384),(644,26,111),(645,1,48),(646,21,22),(647,17,290),(648,19,285),(649,23,290),(650,6,96),(651,2,49),(652,1,54),(653,30,449),(654,12,340),(655,14,43),(656,16,494),(657,28,394),(658,17,134),(659,29,41),(660,28,196),(661,27,348),(662,23,14),(663,28,393),(664,4,428),(665,17,439),(666,10,123),(667,4,306),(668,1,36),(669,15,107),(670,5,137),(671,15,211),(672,23,64),(673,27,424),(674,4,178),(675,28,408),(676,24,300),(677,11,421),(678,6,33),(679,14,252),(680,30,156),(681,19,220),(682,2,80),(683,16,109),(684,11,134),(685,2,375),(686,30,334),(687,22,133),(688,19,420),(689,20,29),(690,4,48),(691,17,418),(692,14,268),(693,15,437),(694,14,12),(695,11,389),(696,7,182),(697,29,335),(698,12,186),(699,6,295),(700,26,287),(701,21,494),(702,18,45),(703,18,98),(704,27,235),(705,12,480),(706,22,201),(707,17,395),(708,18,220),(709,9,23),(710,10,18),(711,26,133),(712,8,100),(713,15,16),(714,27,91),(715,25,124),(716,23,232),(717,4,313),(718,17,144),(719,27,172),(720,30,301),(721,8,161),(722,9,341),(723,16,349),(724,15,35),(725,10,306),(726,14,56),(727,23,41),(728,7,82),(729,14,165),(730,7,110),(731,28,326),(732,27,293),(733,1,125),(734,26,175),(735,22,63),(736,4,212),(737,25,307),(738,7,233),(739,15,242),(740,10,217),(741,23,472),(742,25,308),(743,30,443),(744,17,415),(745,1,91),(746,14,249),(747,8,118),(748,18,31),(749,3,313),(750,6,186),(751,20,480),(752,3,331),(753,3,234),(754,25,474),(755,3,274),(756,14,474),(757,9,398),(758,20,146),(759,30,214),(760,19,494),(761,2,322),(762,29,252),(763,8,474),(764,29,369),(765,16,297),(766,27,68),(767,9,353),(768,12,166),(769,4,355),(770,20,357),(771,23,207),(772,27,487),(773,28,280),(774,15,209),(775,23,355),(776,5,154),(777,29,444),(778,27,493),(779,19,164),(780,17,38),(781,1,219),(782,8,309),(783,9,83),(784,15,191),(785,24,260),(786,28,103),(787,15,194),(788,18,474),(789,4,268),(790,3,249),(791,26,130),(792,17,89),(793,28,25),(794,9,420),(795,29,191),(796,17,183),(797,26,157),(798,28,448),(799,29,211),(800,29,445);
/*!40000 ALTER TABLE `staff_traveling` ENABLE KEYS */;
UNLOCK TABLES;

--
-- Table structure for table `supervisor`
--

DROP TABLE IF EXISTS `supervisor`;
/*!40101 SET @saved_cs_client     = @@character_set_client */;
/*!50503 SET character_set_client = utf8mb4 */;
CREATE TABLE `supervisor` (
  `supv_id` int NOT NULL AUTO_INCREMENT,
  `supv_st_date` date DEFAULT NULL,
  `supv_end_dt` date DEFAULT NULL,
  `supv_emp_id` int DEFAULT NULL,
  `supv_dep_id` int DEFAULT NULL,
  PRIMARY KEY (`supv_id`),
  KEY `fk11_idx` (`supv_emp_id`),
  KEY `fk12_idx` (`supv_dep_id`),
  CONSTRAINT `fk11` FOREIGN KEY (`supv_emp_id`) REFERENCES `employee` (`emp_id`) ON UPDATE CASCADE,
  CONSTRAINT `fk12` FOREIGN KEY (`supv_dep_id`) REFERENCES `department` (`dep_id`) ON DELETE RESTRICT ON UPDATE CASCADE
) ENGINE=InnoDB AUTO_INCREMENT=81 DEFAULT CHARSET=utf8mb3;
/*!40101 SET character_set_client = @saved_cs_client */;

--
-- Dumping data for table `supervisor`
--

LOCK TABLES `supervisor` WRITE;
/*!40000 ALTER TABLE `supervisor` DISABLE KEYS */;
INSERT INTO `supervisor` VALUES (1,'2000-12-02','2022-07-24',142,2),(2,'2018-01-09','2023-10-03',769,3),(3,'2003-08-30','2022-04-03',785,5),(4,'2002-02-06','2021-02-27',7,8),(5,'2017-06-23','2020-11-24',762,7),(6,'2008-04-12','2022-07-04',315,3),(7,'2010-10-22','2024-05-08',824,8),(8,'2000-02-14','2023-05-10',917,4),(9,'2007-06-01','2024-03-26',687,8),(10,'2004-02-01','2021-11-18',293,7),(11,'2020-01-07','2020-11-05',377,4),(12,'2004-01-20','2020-11-18',798,1),(13,'2000-02-10','2022-06-04',25,6),(14,'2002-03-15','2023-10-09',518,5),(15,'2019-10-06','2022-12-25',998,3),(16,'2008-12-30',NULL,138,7),(17,'2015-06-18','2023-04-01',604,3),(18,'2017-12-11','2021-08-17',451,4),(19,'2009-11-08','2021-01-28',531,5),(20,'2008-11-30','2024-01-15',354,8),(21,'2016-09-29',NULL,297,1),(22,'2010-06-02','2020-09-01',301,1),(23,'2017-06-06','2021-09-14',317,7),(24,'2008-08-29','2022-05-06',42,6),(25,'2007-03-16','2024-03-08',871,6),(26,'2000-12-28',NULL,186,4),(27,'2019-09-04',NULL,166,3),(28,'2000-02-12','2023-11-04',306,7),(29,'2017-06-12',NULL,180,4),(30,'2001-10-16','2020-11-26',126,3),(31,'2020-05-19','2022-06-21',967,8),(32,'2019-04-03','2021-04-02',522,3),(33,'2001-08-19','2024-03-01',986,6),(34,'2017-09-25',NULL,97,6),(35,'2001-12-27','2023-09-27',726,8),(36,'2004-09-19',NULL,57,1),(37,'2009-03-24','2022-02-07',909,5),(38,'2013-09-08','2023-07-05',214,1),(39,'2014-11-15','2021-08-10',393,5),(40,'2014-12-21','2022-07-01',615,1),(41,'1998-11-21','2023-10-27',385,5),(42,'2018-07-04','2023-11-25',309,4),(43,'2002-05-09','2024-01-10',860,6),(44,'2007-10-24','2023-09-20',276,5),(45,'2006-05-05','2021-11-09',458,7),(46,'2000-05-25','2022-03-03',348,1),(47,'2014-05-11','2021-11-11',807,3),(48,'2018-05-13','2023-12-28',219,3),(49,'2007-04-01','2023-05-05',213,7),(50,'2011-03-19','2024-04-04',901,6),(51,'2018-01-28','2023-10-20',629,8),(52,'2013-04-22','2021-12-15',948,2),(53,'2002-01-13','2022-06-13',395,6),(54,'2000-02-13','2024-06-13',735,3),(55,'2002-12-08','2023-07-29',497,7),(56,'2013-08-15',NULL,154,3),(57,'2006-08-28','2020-12-10',486,3),(58,'2016-05-16','2023-11-01',99,2),(59,'2003-04-13','2022-08-17',913,4),(60,'2008-02-03','2020-06-30',466,8),(61,'2018-09-06','2023-02-12',417,3),(62,'1999-07-29','2024-04-03',348,5),(63,'2017-10-22','2024-04-29',907,3),(64,'2018-08-23','2020-12-23',981,5),(65,'2013-07-17','2024-04-14',479,1),(66,'1998-06-11','2021-01-01',187,2),(67,'2004-12-17','2021-03-04',312,2),(68,'2010-12-22','2023-05-07',40,1),(69,'2015-04-11','2023-11-26',653,8),(70,'2004-12-03','2024-04-20',246,7),(71,'1999-01-17','2023-09-26',643,6),(72,'2007-02-06','2022-12-28',258,7),(73,'2017-03-14','2021-08-14',144,6),(74,'2020-01-30','2022-09-22',82,7),(75,'2005-02-13','2021-06-25',758,8),(76,'2019-12-11','2021-06-11',833,3),(77,'1999-08-15','2021-08-24',898,2),(78,'2002-10-21','2020-07-20',743,4),(79,'2015-02-26','2020-07-05',50,5),(80,'2005-02-01','2022-05-23',291,6);
/*!40000 ALTER TABLE `supervisor` ENABLE KEYS */;
UNLOCK TABLES;

--
-- Table structure for table `telephones`
--

DROP TABLE IF EXISTS `telephones`;
/*!40101 SET @saved_cs_client     = @@character_set_client */;
/*!50503 SET character_set_client = utf8mb4 */;
CREATE TABLE `telephones` (
  `tel_id` int NOT NULL AUTO_INCREMENT,
  `tel_phone` bigint DEFAULT NULL,
  `tel_landline` bigint DEFAULT NULL,
  `tel_emp_id` int DEFAULT NULL,
  PRIMARY KEY (`tel_id`),
  KEY `fk0_idx` (`tel_emp_id`),
  CONSTRAINT `fk0` FOREIGN KEY (`tel_emp_id`) REFERENCES `employee` (`emp_id`) ON DELETE RESTRICT ON UPDATE CASCADE
) ENGINE=InnoDB AUTO_INCREMENT=1001 DEFAULT CHARSET=utf8mb3;
/*!40101 SET character_set_client = @saved_cs_client */;

--
-- Dumping data for table `telephones`
--

LOCK TABLES `telephones` WRITE;
/*!40000 ALTER TABLE `telephones` DISABLE KEYS */;
INSERT INTO `telephones` VALUES (1,5558765432,2105555678,412),(2,5553456789,2105559012,831),(3,5557654321,2105553456,43),(4,5554567890,2105557890,126),(5,5556543210,2105552345,917),(6,5555678901,2105556789,886),(7,5553210987,2105550123,933),(8,5558901234,2105554567,981),(9,5554321098,2105558901,542),(10,5557890123,2105558765,372),(11,5552109876,2105554321,444),(12,5556789012,2105559876,42),(13,5559012345,2105552109,462),(14,5555432109,2105556543,189),(15,5558765432,2105553210,497),(16,5553456789,2105558765,320),(17,5552345678,2105554321,197),(18,5559876543,2105559876,632),(19,5551234567,2105552109,40),(20,5554567890,2105556543,804),(21,5553210987,2105553210,594),(22,5558901234,2105557890,766),(23,5556789012,2105552345,248),(24,5559012345,2105556789,861),(25,5552109876,2105550123,605),(26,5555432109,2105554567,433),(27,5558765432,2105558901,577),(28,5553456789,2115551234,432),(29,5552345678,2115555678,226),(30,5559876543,2115559012,233),(31,5551234567,2115553456,425),(32,5554567890,2115557890,591),(33,5553210987,2115552345,826),(34,5558901234,2115556789,436),(35,5556789012,2115550123,887),(36,5559012345,2115554567,792),(37,5552109876,2115558901,329),(38,5555432109,2115558765,262),(39,5558765432,2115554321,44),(40,5553456789,2115559876,213),(41,5552345678,2115552109,350),(42,5559876543,2115556543,273),(43,5551234567,2115553210,551),(44,5554567890,2115558765,616),(45,5553210987,2115554321,382),(46,5558901234,2115559876,288),(47,5556789012,2115552109,200),(48,5559012345,2115556543,502),(49,5552109876,2115553210,499),(50,5555432109,2115557890,863),(51,5558765432,2115552345,279),(52,5553456789,2115556789,601),(53,5552345678,2115550123,158),(54,5559876543,2115554567,169),(55,5551234567,2115558901,822),(56,5554567890,2125551234,740),(57,5553210987,2125555678,968),(58,5558901234,2125559012,916),(59,5556789012,2125553456,263),(60,5559012345,2125557890,51),(61,5552109876,2125552345,641),(62,5555432109,2125556789,637),(63,5558765432,2125550123,49),(64,5553456789,2125554567,364),(65,5552345678,2125558901,955),(66,5559876543,2125558765,179),(67,5551234567,2125554321,677),(68,5554567890,2125559876,641),(69,5553210987,2125552109,628),(70,5558901234,2125556543,579),(71,5556789012,2125553210,696),(72,5559012345,2125558765,238),(73,5552109876,2125554321,354),(74,5555432109,2125559876,974),(75,5558765432,2125552109,201),(76,5553456789,2125556543,79),(77,5552345678,2125553210,508),(78,5559876543,2125557890,579),(79,5551234567,2125552345,745),(80,5554567890,2125556789,347),(81,5553210987,2125550123,24),(82,5558901234,2125554567,407),(83,5556789012,2125558901,477),(84,5559012345,2135551234,631),(85,5552109876,2135555678,459),(86,6905551234,2135559012,212),(87,6915555678,2135553456,723),(88,6925559012,2135557890,259),(89,6935553456,2135552345,597),(90,6945557890,2135556789,390),(91,6955552345,2135550123,954),(92,6965556789,2135554567,618),(93,6975550123,2135558901,932),(94,6985554567,2135558765,458),(95,6995558901,2135554321,393),(96,6905558765,2135559876,749),(97,6915554321,2135552109,972),(98,6925559876,2135556543,513),(99,6935552109,2135553210,225),(100,6945556543,2135558765,112),(101,6955553210,2135554321,626),(102,6965558765,2135559876,484),(103,6975554321,2135552109,403),(104,6985559876,2135556543,636),(105,6995552109,2135553210,74),(106,6905551234,2135557890,105),(107,6905555678,2135552345,142),(108,6905559012,2135556789,241),(109,6905553456,2135550123,237),(110,6905557890,2135554567,429),(111,6905552345,2135558901,961),(112,6905556789,2145551234,443),(113,6905550123,2145555678,402),(114,6905554567,2145559012,131),(115,6905558901,2145553456,414),(116,6905558765,2145557890,619),(117,6905554321,2145552345,361),(118,6905559876,2145556789,557),(119,6905552109,2145550123,922),(120,6905556543,2145554567,782),(121,6905553210,2145558901,648),(122,6905558765,2145558765,814),(123,6905554321,2145554321,67),(124,6905559876,2145559876,713),(125,6905552109,2145552109,153),(126,6905556543,2145556543,793),(127,6905553210,2145553210,41),(128,6905557890,2145558765,760),(129,6905552345,2145554321,502),(130,6905556789,2145559876,924),(131,6905550123,2145552109,433),(132,6905554567,2145556543,973),(133,6905558901,2145553210,564),(134,6915551234,2145557890,118),(135,6915555678,2145552345,573),(136,6915559012,2145556789,349),(137,6915553456,2145550123,97),(138,6915557890,2145554567,396),(139,6915552345,2145558901,379),(140,6915556789,2155551234,897),(141,6915550123,2155555678,614),(142,6915554567,2155559012,901),(143,6915558901,2155553456,706),(144,6915558765,2155557890,485),(145,6915554321,2155552345,561),(146,6915559876,2155556789,689),(147,6915552109,2155550123,223),(148,6915556543,2155554567,609),(149,6915553210,2155558901,672),(150,6915558765,2155558765,389),(151,6915554321,2155554321,104),(152,6915559876,2155559876,556),(153,6915552109,2155552109,7),(154,6915556543,2155556543,709),(155,6915553210,2155553210,553),(156,6915557890,2155558765,211),(157,6915552345,2155554321,275),(158,6915556789,2155559876,33),(159,6915550123,2155552109,597),(160,6915554567,2155556543,115),(161,6915558901,2155553210,751),(162,6925551234,2155557890,279),(163,6925555678,2155552345,343),(164,6925559012,2155556789,873),(165,6925553456,2155550123,433),(166,6925557890,2155554567,540),(167,6925552345,2155558901,100),(168,6925556789,2165551234,601),(169,6925550123,2165555678,66),(170,6925554567,2165559012,85),(171,6925558901,2165553456,881),(172,6925558765,2165557890,207),(173,6925554321,2165552345,996),(174,6925559876,2165556789,561),(175,6925552109,2165550123,180),(176,6925556543,2165554567,218),(177,6925553210,2165558901,179),(178,6925558765,2165558765,880),(179,6925554321,2165554321,499),(180,6925559876,2165559876,794),(181,6925552109,2165552109,177),(182,6925556543,2165556543,568),(183,6925553210,2165553210,836),(184,6925557890,2165558765,376),(185,6925552345,2165554321,971),(186,6925556789,2165559876,858),(187,6925550123,2165552109,754),(188,6925554567,2165556543,572),(189,6925558901,2165553210,395),(190,6935551234,2165557890,924),(191,6935555678,2165552345,540),(192,6935559012,2165556789,719),(193,6935553456,2165550123,930),(194,6935557890,2165554567,759),(195,6935552345,2165558901,596),(196,6935556789,2175551234,950),(197,6935550123,2175555678,355),(198,6935554567,2175559012,901),(199,6935558901,2175553456,160),(200,6935558765,2175557890,815),(201,6935554321,2175552345,772),(202,6935559876,2175556789,535),(203,6935552109,2105555670,139),(204,6935556543,2105555671,33),(205,6935553210,2105555672,940),(206,6935558765,2105555673,375),(207,6935554321,2105555674,813),(208,6935559876,2105555675,461),(209,6935552109,2105555676,210),(210,6935556543,2105555677,685),(211,6935553210,2105555678,753),(212,6935557890,2105555679,174),(213,6935552345,2105555680,283),(214,6935556789,2105555681,901),(215,6935550123,2105555682,135),(216,6935554567,2105555683,296),(217,6935558901,2105555684,499),(218,6945551234,2105555685,288),(219,6945555678,2105555686,253),(220,6945559012,2105555687,177),(221,6945553456,2105555688,760),(222,6945557890,2105555689,386),(223,6945552345,2105555690,762),(224,6945556789,2105555691,873),(225,6945550123,2105555692,998),(226,6945554567,2105555693,326),(227,6945558901,2105555694,815),(228,6945558765,2105555695,835),(229,6945554321,2105555696,584),(230,6945559876,2105555697,284),(231,6945552109,2105555698,395),(232,6945556543,2105555699,735),(233,6945553210,2105555700,593),(234,6945558765,2105555701,898),(235,6945554321,2105555702,936),(236,6945559876,2105555703,703),(237,6945552109,2105555704,951),(238,6945556543,2105555705,311),(239,6945553210,2105555706,571),(240,6945557890,2105555707,801),(241,6945552345,2105555708,341),(242,6945556789,2105555709,26),(243,6945550123,2105555710,489),(244,6945554567,2105555711,181),(245,6945558901,2105555712,565),(246,6955551234,2105555713,653),(247,6955555678,2105555714,804),(248,6955559012,2105555715,231),(249,6955553456,2105555716,903),(250,6955557890,2105555717,663),(251,6955552345,2105555718,423),(252,6955556789,2105555719,590),(253,6955550123,2105555720,935),(254,6955554567,2105555721,858),(255,6955558901,2105555722,575),(256,6955558765,2105555723,9),(257,6955554321,2105555724,613),(258,6955559876,2105555725,489),(259,6955552109,2105555726,118),(260,6955556543,2105555727,869),(261,6955553210,2105555728,329),(262,6955558765,2105555729,647),(263,6955554321,2105555730,872),(264,6955559876,2105555731,437),(265,6955552109,2105555732,938),(266,6955556543,2105555733,45),(267,6955553210,2105555734,76),(268,6955557890,2105555735,260),(269,6955552345,2105555736,49),(270,6955556789,2105555737,849),(271,6955550123,2105555738,843),(272,6955554567,2105555739,822),(273,6955558901,2105555740,219),(274,6965551234,2105555741,822),(275,6965555678,2105555742,915),(276,6965559012,2105555743,181),(277,6965553456,2105555744,60),(278,6965557890,2105555745,135),(279,6965552345,2105555746,382),(280,6965556789,2105555747,831),(281,6965550123,2105555748,867),(282,6965554567,2105555749,739),(283,6965558901,2105555750,347),(284,6965558765,2105555751,228),(285,6965554321,2105555752,238),(286,6965559876,2105555753,179),(287,6965552109,2105555754,627),(288,6965556543,2105555755,718),(289,6965553210,2105555756,507),(290,6965558765,2105555757,919),(291,6965554321,2105555758,891),(292,6965559876,2105555759,573),(293,6965552109,2105555760,500),(294,6965556543,2105555761,137),(295,6965553210,2105555762,360),(296,6965557890,2105555763,558),(297,6965552345,2105555764,52),(298,6965556789,2115555800,650),(299,6965550123,2115555801,172),(300,6965554567,2115555802,226),(301,6965558901,2115555803,231),(302,6975551234,2115555804,698),(303,6975555678,2115555805,649),(304,6975559012,2115555806,861),(305,6975553456,2115555807,352),(306,6975557890,2115555808,757),(307,6975552345,2115555809,940),(308,6975556789,2115555810,370),(309,6705551234,2115555811,635),(310,6715555678,2115555812,693),(311,6725559012,2115555813,670),(312,6735553456,2115555814,498),(313,6745557890,2115555815,757),(314,6755552345,2115555816,373),(315,6765556789,2115555817,311),(316,6775550123,2115555818,628),(317,6785554567,2115555819,366),(318,6795558901,2115555820,297),(319,6705558765,2115555821,12),(320,6715554321,2115555822,526),(321,6725559876,2115555823,801),(322,6735552109,2115555824,17),(323,6745556543,2115555825,221),(324,6755553210,2115555826,648),(325,6765558765,2115555827,7),(326,6775554321,2115555828,168),(327,6785559876,2115555829,393),(328,6795552109,2115555830,364),(329,6705556543,2115555831,817),(330,6715553210,2115555832,934),(331,6725558765,2115555833,979),(332,6735554321,2115555834,239),(333,6745559876,2115555835,866),(334,6755552109,2115555836,248),(335,6765556543,2115555837,208),(336,6775553210,2115555838,230),(337,6785558765,2115555839,765),(338,6795554321,2115555840,892),(339,6705559876,2115555841,894),(340,6715552109,2115555842,645),(341,6725556543,2115555843,20),(342,6735553210,2115555844,612),(343,6745558765,2115555845,129),(344,6755554321,2115555846,477),(345,6765559876,2115555847,161),(346,6775552109,2115555848,245),(347,6785556543,2115555849,363),(348,6795553210,2115555850,136),(349,6705558765,2115555851,535),(350,6715554321,2115555852,567),(351,6725559876,2115555853,878),(352,6735552109,2115555854,439),(353,6745556543,2115555855,358),(354,6755553210,2115555856,486),(355,6765558765,2115555857,247),(356,6775554321,2115555858,965),(357,6785559876,2115555859,253),(358,6795552109,2115555860,681),(359,6705556543,2115555861,551),(360,6715553210,2115555862,33),(361,6725558765,2115555863,4),(362,6735554321,2115555864,350),(363,6745559876,2115555865,185),(364,6755552109,2115555866,118),(365,6765556543,2115555867,206),(366,6775553210,2115555868,290),(367,6785558765,2115555869,90),(368,6795554321,2115555870,470),(369,6705559876,2115555871,577),(370,6715552109,2115555872,90),(371,6725556543,2115555873,283),(372,6735553210,2115555874,893),(373,6745558765,2115555875,326),(374,6755554321,2115555876,26),(375,6765559876,2115555877,944),(376,6775552109,2115555878,78),(377,6785556543,2115555879,112),(378,6795553210,2115555880,799),(379,6705558765,2115555881,726),(380,6715554321,2115555882,2),(381,6725559876,2115555883,477),(382,6735552109,2115555884,126),(383,6745556543,2115555885,922),(384,6755553210,2115555886,641),(385,6765558765,2115555887,490),(386,6775554321,2115555888,496),(387,6785559876,2115555889,480),(388,6795552109,2115555890,796),(389,6705556543,2115555891,390),(390,6715553210,2115555892,768),(391,6725558765,2115555893,724),(392,6735554321,2115555894,292),(393,6745559876,2115555895,26),(394,6755552109,2115555896,734),(395,6765556543,2115555897,489),(396,6775553210,2115555898,69),(397,6785558765,2115555899,583),(398,6795554321,2115555900,791),(399,6705559876,2115555901,697),(400,6715552109,2115555902,827),(401,6725556543,2115555903,587),(402,6735553210,2115555904,733),(403,6745558765,2115555905,923),(404,6755554321,2115555906,60),(405,6765559876,2115555907,632),(406,6775552109,2115555908,820),(407,6785556543,2115555909,546),(408,6795553210,2115555910,943),(409,6705558765,2115555911,277),(410,6715554321,2115555912,557),(411,6725559876,2115555913,795),(412,6735552109,2115555914,689),(413,6745556543,2115555915,848),(414,6755553210,2115555916,680),(415,6765558765,2115555917,28),(416,6775554321,2115555918,589),(417,6785559876,2115555919,310),(418,6795552109,2115555920,15),(419,6705556543,2115555921,767),(420,6715553210,2115555922,965),(421,6725558765,2115555923,705),(422,6735554321,2115555924,400),(423,6745559876,2115555925,749),(424,6755552109,2115555926,707),(425,6765556543,2115555927,258),(426,6775553210,2115555928,772),(427,6785558765,2115555929,281),(428,6795554321,2115555930,97),(429,6705559876,2115555931,124),(430,6715552109,2115555932,469),(431,6725556543,2115555933,674),(432,6735553210,2115555934,340),(433,6745558765,2115555935,347),(434,6755554321,2115555936,428),(435,6765559876,2115555937,582),(436,6775552109,2115555938,555),(437,6785556543,2115555939,731),(438,6795553210,2115555940,904),(439,6705558765,2115555941,564),(440,6715554321,2115555942,627),(441,6725559876,2115555943,469),(442,6735552109,2115555944,277),(443,6745556543,2115555945,192),(444,6755553210,2115555946,765),(445,6765558765,2115555947,518),(446,6775554321,2115555948,89),(447,6785559876,2115555949,508),(448,6795552109,2115555950,449),(449,6705556543,2115555951,614),(450,6715553210,2115555952,553),(451,6725558765,2115555953,339),(452,6735554321,2115555954,294),(453,6745559876,2115555955,770),(454,6755552109,2115555956,231),(455,6765556543,2115555957,347),(456,6775553210,2115555958,434),(457,6785558765,2115555959,757),(458,6795554321,2115555960,293),(459,6705559876,2115555961,455),(460,6715552109,2115555962,986),(461,6725556543,2115555963,742),(462,6735553210,2115555964,29),(463,6745558765,2115555965,854),(464,6755554321,2115555966,713),(465,6765559876,2115555967,974),(466,6775552109,2115555968,283),(467,6785556543,2115555969,961),(468,6795553210,2115555970,774),(469,6705558765,2115555971,571),(470,6715554321,2115555972,972),(471,6725559876,2115555973,982),(472,6735552109,2115555974,229),(473,6745556543,2115555975,617),(474,6755553210,2115555976,49),(475,6765558765,2115555977,928),(476,6775554321,2115555978,99),(477,6785559876,2115555979,436),(478,6795552109,2115555980,190),(479,6705556543,2115555981,676),(480,6715553210,2115555982,201),(481,6725558765,2115555983,383),(482,6735554321,2115555984,881),(483,6745559876,2115555985,379),(484,6755552109,2115555986,419),(485,6765556543,2115555987,230),(486,6775553210,2115555988,209),(487,6785558765,2115555989,632),(488,6795554321,2115555990,698),(489,6705559876,2115555991,542),(490,6715552109,2115555992,438),(491,6725556543,2115555993,986),(492,6735553210,2115555994,215),(493,6745558765,2115555995,818),(494,6755554321,2115555996,212),(495,6765559876,2115555997,328),(496,6775552109,2115555998,669),(497,6785556543,2115555999,219),(498,6795553210,2115556000,309),(499,6705558765,2115556001,97),(500,6715554321,2115556002,140),(501,6725559876,2115556003,30),(502,6735552109,2115556004,105),(503,6745556543,2115556005,15),(504,6755553210,2115556006,825),(505,6765558765,2115556007,111),(506,6775554321,2115556008,234),(507,6785559876,2115556009,249),(508,6795552109,2115556010,515),(509,6705556543,2115556011,927),(510,6715553210,2115556012,160),(511,6725558765,2115556013,517),(512,6705551234,2115556014,127),(513,6705555678,2115556015,27),(514,6705559012,2115556016,878),(515,6705553456,2115556017,538),(516,6705557890,2115556018,316),(517,6705552345,2115556019,704),(518,6705556789,2115556020,376),(519,6705550123,2115556021,949),(520,6705554567,2115556022,793),(521,6705558901,2115556023,222),(522,6705558765,2115556024,567),(523,6705554321,2115556025,210),(524,6705559876,2115556026,583),(525,6705552109,2115556027,184),(526,6705556543,2115556028,494),(527,6705553210,2115556029,149),(528,6705558765,2115556030,745),(529,6705554321,2115556031,212),(530,6705559876,2115556032,211),(531,6705552109,2115556033,50),(532,6705556543,2115556034,975),(533,6705553210,2115556035,856),(534,6705557890,2115556036,810),(535,6705552345,2115556037,20),(536,6705556789,2115556038,215),(537,6705550123,2115556039,846),(538,6705554567,2115556040,1),(539,6705558901,2115556041,971),(540,6715551234,2115556042,563),(541,6715555678,2115556043,565),(542,6715559012,2115556044,436),(543,6715553456,2115556045,391),(544,6715557890,2115556046,982),(545,6715552345,2115556047,751),(546,6715556789,2115556048,345),(547,6715550123,2115556049,144),(548,6715554567,2115556050,60),(549,6715558901,2115556051,631),(550,6715558765,2115556052,699),(551,6715554321,2115556053,620),(552,6715559876,2115556054,101),(553,6715552109,2115556055,805),(554,6715556543,2115556056,338),(555,6715553210,2115556057,767),(556,6715558765,2115556058,83),(557,6715554321,2115556059,881),(558,6715559876,2115556060,237),(559,6715552109,2115556061,338),(560,6715556543,2115556062,651),(561,6715553210,2115556063,941),(562,6715557890,2115556064,330),(563,6715552345,2115556065,467),(564,6715556789,2115556066,657),(565,6715550123,2115556067,50),(566,6715554567,2115556068,744),(567,6715558901,2115556069,469),(568,6725551234,2115556070,675),(569,6725555678,2115556071,140),(570,6725559012,2115556072,124),(571,6725553456,2115556073,403),(572,6725557890,2115556074,600),(573,6725552345,2115556075,562),(574,6725556789,2115556076,410),(575,6725550123,2115556077,120),(576,6725554567,2115556078,825),(577,6725558901,2115556079,998),(578,6725558765,2115556080,97),(579,6725554321,2115556081,193),(580,6725559876,2115556082,444),(581,6725552109,2115556083,34),(582,6725556543,2115556084,744),(583,6725553210,2115556085,794),(584,6725558765,2115556086,243),(585,6725554321,2115556087,465),(586,6725559876,2115556088,591),(587,6725552109,2115556089,248),(588,6725556543,2115556090,279),(589,6725553210,2115556091,683),(590,6725557890,2115556092,622),(591,6725552345,2115556093,971),(592,6725556789,2115556094,955),(593,6725550123,2115556095,424),(594,6725554567,2115556096,414),(595,6725558901,2115556097,657),(596,6735551234,2115556098,950),(597,6735555678,2115556099,179),(598,6735559012,2115556100,354),(599,6735553456,2115556101,265),(600,6735557890,2115556102,467),(601,6735552345,2105556200,364),(602,6735556789,2105556201,750),(603,6735550123,2105556202,298),(604,6735554567,2105556203,107),(605,6735558901,2105556204,934),(606,6735558765,2105556205,869),(607,6735554321,2105556206,381),(608,6735559876,2105556207,970),(609,6735552109,2105556208,905),(610,6735556543,2105556209,488),(611,6735553210,2105556210,104),(612,6735558765,2105556211,371),(613,6735554321,2105556212,664),(614,6735559876,2105556213,992),(615,6735552109,2105556214,599),(616,6735556543,2105556215,548),(617,6735553210,2105556216,177),(618,6735557890,2105556217,43),(619,6735552345,2105556218,128),(620,6735556789,2105556219,61),(621,6735550123,2105556220,348),(622,6735554567,2105556221,965),(623,6735558901,2105556222,36),(624,6745551234,2105556223,65),(625,6745555678,2105556224,237),(626,6745559012,2105556225,348),(627,6745553456,2105556226,395),(628,6745557890,2105556227,638),(629,6745552345,2105556228,458),(630,6745556789,2105556229,8),(631,6745550123,2105556230,734),(632,6745554567,2105556231,953),(633,6745558901,2105556232,315),(634,6745558765,2105556233,575),(635,6745554321,2105556234,826),(636,6745559876,2105556235,141),(637,6745552109,2105556236,383),(638,6745556543,2105556237,212),(639,6745553210,2105556238,722),(640,6745558765,2105556239,764),(641,6745554321,2105556240,562),(642,6745559876,2105556241,773),(643,6745552109,2105556242,167),(644,6745556543,2105556243,452),(645,6745553210,2105556244,572),(646,6745557890,2105556245,949),(647,6745552345,2105556246,689),(648,6745556789,2105556247,433),(649,6745550123,2105556248,658),(650,6745554567,2105556249,856),(651,6745558901,2105556250,933),(652,6755551234,2105556251,815),(653,6755555678,2105556252,336),(654,6755559012,2105556253,337),(655,6755553456,2105556254,705),(656,6755557890,2105556255,956),(657,6755552345,2105556256,981),(658,6755556789,2105556257,158),(659,6755550123,2105556258,423),(660,6755554567,2105556259,982),(661,6755558901,2105556260,808),(662,6755558765,2105556261,135),(663,6755554321,2105556262,335),(664,6755559876,2105556263,626),(665,6755552109,2105556264,884),(666,6755556543,2105556265,662),(667,6755553210,2105556266,153),(668,6755558765,2105556267,194),(669,6755554321,2105556268,293),(670,6755559876,2105556269,378),(671,6755552109,2105556270,393),(672,6755556543,2105556271,948),(673,6755553210,2105556272,978),(674,6755557890,2105556273,985),(675,6755552345,2105556274,334),(676,6755556789,2105556275,612),(677,6755550123,2105556276,60),(678,6755554567,2105556277,855),(679,6755558901,2105556278,818),(680,6765551234,2105556279,621),(681,6765555678,2105556280,427),(682,6765559012,2105556281,807),(683,6765553456,2105556282,785),(684,6765557890,2105556283,292),(685,6765552345,2105556284,947),(686,6765556789,2105556285,626),(687,6765550123,2105556286,539),(688,6765554567,2105556287,649),(689,6765558901,2105556288,145),(690,6765558765,2105556289,667),(691,6765554321,2105556290,288),(692,6765559876,2105556291,928),(693,6765552109,2105556292,176),(694,6765556543,2105556293,27),(695,6765553210,2105556294,681),(696,6765558765,2105556295,879),(697,6765554321,2105556296,837),(698,6765559876,2105556297,124),(699,6765552109,2105556298,841),(700,6765556543,2105556299,185),(701,6765553210,2105556320,229),(702,6765557890,2105556367,726),(703,6765552345,2105556395,136),(704,6765556789,2105556342,731),(705,6765550123,2105556389,251),(706,6765554567,2105556315,106),(707,6765558901,2105556374,439),(708,6775551234,2105556331,107),(709,6775555678,2105556358,784),(710,6775559012,2105556303,539),(711,6775553456,2105556360,635),(712,6775557890,2105556318,344),(713,6775552345,2105556372,296),(714,677555678,2105556345,430),(715,6985551234,2105556387,57),(716,6985555678,2105556339,687),(717,6985559012,2105556354,341),(718,6985553456,2105556327,521),(719,6985557890,2105556391,249),(720,6985552345,2105556308,35),(721,6985556789,2105556323,905),(722,6985550123,2105556398,343),(723,6985554567,2105556349,855),(724,6985558901,2105556312,511),(725,6985558765,2105556377,765),(726,6985554321,2105556334,3),(727,6985559876,2105556351,461),(728,6985552109,2105556306,952),(729,6985556543,2105556363,595),(730,6985553210,2105556310,863),(731,6985558765,2105556385,597),(732,6985554321,2105556340,225),(733,6985559876,2105556397,738),(734,6985552109,2105556325,13),(735,6985556543,2105556379,557),(736,6985553210,2105556336,220),(737,6985557890,2105556353,592),(738,6985552345,2105556301,796),(739,6985556789,2105556368,772),(740,6985550123,2105556316,523),(741,6985554567,2105556382,166),(742,6985558901,2105556347,227),(743,6985558765,2105556394,771),(744,6985554321,2105556322,473),(745,6985559876,2105556375,700),(746,6985552109,2105556332,763),(747,6985556543,2105556359,913),(748,6985553210,2105556304,386),(749,6985558765,2105556361,809),(750,6985554321,2105556319,476),(751,6985559876,2105556410,412),(752,6985552109,2105556429,459),(753,6985556543,2105556437,355),(754,6985553210,2105556446,629),(755,6985557890,2105556453,972),(756,6985552345,2105556462,982),(757,6985556789,2105556471,508),(758,6985550123,2105556489,971),(759,6985554567,2105556498,740),(760,6985558901,2105556504,917),(761,6985558765,2105556513,767),(762,6985554321,2105556521,145),(763,6985559876,2105556530,653),(764,6985552109,2105556548,744),(765,6985556543,2105556557,178),(766,6985553210,2105556565,623),(767,6985558765,2105556574,263),(768,6985554321,2105556583,353),(769,6985559876,2105556591,533),(770,6985552109,2105556607,110),(771,6985556543,2105556616,315),(772,6985553210,2105556624,739),(773,6985557890,2105556633,23),(774,6985552345,2105556641,660),(775,6985556789,2105556650,702),(776,6985550123,2105556668,849),(777,6985554567,2105556677,886),(778,6985558901,2105556685,998),(779,6985558765,2105556694,439),(780,6985554321,2105556700,696),(781,6985559876,2105556719,330),(782,6985552109,2105556727,987),(783,6985556543,2105556736,480),(784,6985553210,2105556744,896),(785,6985558765,2105556753,606),(786,6985554321,2105556761,174),(787,6985559876,2105556770,879),(788,6985552109,2105556788,300),(789,6985556543,2105556797,685),(790,6985553210,2105556803,454),(791,6985557890,2105556812,471),(792,6985552345,2105556820,75),(793,6985556789,2105556839,562),(794,6985550123,2105556847,451),(795,6985554567,2105556856,516),(796,6985558901,2105556864,45),(797,6985558765,2105556873,575),(798,6985554321,2105556881,658),(799,6985559876,2105556890,905),(800,6985552109,2105556906,510),(801,6985556543,2105556925,444),(802,6985553210,2105556934,73),(803,6985558765,2105556942,631),(804,6985554321,2105556951,630),(805,6985559876,2105556969,503),(806,6985552109,2105556978,141),(807,6985556543,2105556986,958),(808,6985553210,2105556995,821),(809,6985557890,2105557001,268),(810,6985552345,2105557010,668),(811,6985556789,2105557028,770),(812,6985550123,2105557037,177),(813,6985554567,2105557045,797),(814,6985558901,2105557054,328),(815,6985558765,2105557062,91),(816,6985554321,2105557071,964),(817,6985559876,2105557089,618),(818,6985552109,2105557098,748),(819,6985556543,2105557104,693),(820,6985553210,2105557113,977),(821,6985558765,2105557121,752),(822,6985554321,2105557130,580),(823,6985559876,2105557148,968),(824,6985552109,2105557157,246),(825,6985556543,2105557165,91),(826,6985553210,2105557174,732),(827,6985557890,2105557182,370),(828,6985552345,2105557191,518),(829,6985556789,2105557207,199),(830,6985550123,2105557216,820),(831,6985554567,2105557224,172),(832,6985558901,2105557233,41),(833,6985558765,2105557241,16),(834,6985554321,2105557250,32),(835,6985559876,2105557268,420),(836,6985552109,2105557277,856),(837,6985556543,2105557285,112),(838,6985553210,2105557294,241),(839,6985558765,2105557300,234),(840,6985554321,2105557319,602),(841,6985559876,2105557327,967),(842,6985552109,2105557336,752),(843,6985556543,2105557344,557),(844,6985553210,2105557353,180),(845,6985557890,2105557361,227),(846,6985552345,2105557370,365),(847,6985556789,2105557388,123),(848,6985550123,2105557397,819),(849,6985554567,2105557403,783),(850,6985558901,2105557412,550),(851,6985558765,2105557420,562),(852,6985554321,2105557439,601),(853,6985559876,2105557447,87),(854,6985552109,2105557456,649),(855,6985556543,2105557464,596),(856,6985553210,2105557473,498),(857,6985558765,2105557481,990),(858,6985554321,2105557490,955),(859,6985559876,2105557506,541),(860,6985552109,2105557515,774),(861,6985556543,2105557523,674),(862,6985553210,2105557532,870),(863,6985557890,2105557540,198),(864,6985552345,2105557549,446),(865,6985556789,2105557567,80),(866,6985550123,2105557576,425),(867,6985554567,2105557584,551),(868,6985558901,2105557593,526),(869,6985558765,2105557609,211),(870,6985554321,2105557618,293),(871,6985559876,2105557626,167),(872,6985552109,2105557635,807),(873,6985556543,2105557643,652),(874,6985553210,2105557652,436),(875,6985558765,2105557660,532),(876,6985554321,2105557679,979),(877,6985559876,2105557687,621),(878,6985552109,2105557696,400),(879,6985556543,2105557702,345),(880,6985553210,2105557711,338),(881,6985557890,2105557729,511),(882,6985552345,2105557738,241),(883,6985556789,2105557746,876),(884,6985550123,2105557755,993),(885,6985554567,2105557763,360),(886,6985558901,2105557772,925),(887,6985558765,2105557780,173),(888,6985554321,2105557789,516),(889,6985559876,2105557797,358),(890,6985552109,2105557803,287),(891,6985556543,2105557812,257),(892,6985553210,2105557820,930),(893,6985558765,2105557839,578),(894,6985554321,2105557847,716),(895,6985559876,2105557856,425),(896,6985552109,2105557864,608),(897,6985556543,2105557873,248),(898,6985553210,2105557881,505),(899,6985557890,2105557890,172),(900,6985552345,2105557906,110),(901,6985556789,2105557915,421),(902,6985550123,2105557923,981),(903,6985554567,2105557932,945),(904,6985558901,2105557940,295),(905,6985558765,2105557949,934),(906,6985554321,2105557967,17),(907,6985559876,2105557976,741),(908,6985552109,2105557984,582),(909,6985556543,2105557993,719),(910,6985553210,2105558000,281),(911,6985558765,2105558019,155),(912,6985554321,2105558027,345),(913,6985559876,2105558036,86),(914,6985552109,2105558044,850),(915,6985556543,2105558053,804),(916,6985553210,2105558061,877),(917,6985557890,2105558070,5),(918,6985552345,2105558088,705),(919,6985556789,2105558097,334),(920,6985550123,2105558103,915),(921,6985554567,2105558112,227),(922,6985558901,2105558120,154),(923,6985558765,2105558139,629),(924,6985554321,2105558147,113),(925,6985559876,2105558156,753),(926,6985552109,2105558164,293),(927,6985556543,2105558173,602),(928,6985553210,2105558181,536),(929,6985558765,2105558190,444),(930,6985554321,2105558206,904),(931,6985559876,2105558215,802),(932,6985552109,2105558223,174),(933,6985556543,2105558232,308),(934,6985553210,2105558240,553),(935,6985557890,2105558249,400),(936,6985552345,2105558267,707),(937,6985556789,2105558276,755),(938,6985550123,2105558284,636),(939,6985554567,2105558293,123),(940,6985558901,2105558309,15),(941,6985558765,2105558318,763),(942,6985554321,2105558326,687),(943,6985559876,2105558335,793),(944,6985552109,2105558343,803),(945,6985556543,2105558352,59),(946,6985553210,2105558360,5),(947,6985558765,2105558379,520),(948,6985554321,2105558387,712),(949,6985559876,2105558396,224),(950,6985552109,2105558402,275),(951,6985556543,2105558411,430),(952,6985553210,2105558429,934),(953,6985557890,2105558438,24),(954,6985552345,2105558446,728),(955,6985556789,2105558455,646),(956,6985550123,2105558463,7),(957,6985554567,2105558472,868),(958,6985558901,2105558480,329),(959,6985558765,2105558489,452),(960,6985554321,2105558505,122),(961,6985559876,2105558514,126),(962,6985552109,2105558522,827),(963,6985556543,2105558531,971),(964,6985553210,2105558539,316),(965,6985558765,2105558548,814),(966,6985554321,2105558566,128),(967,6985559876,2105558575,175),(968,6985552109,2105558583,57),(969,6985556543,2105558592,763),(970,6985553210,2105558608,372),(971,6985557890,2105558617,190),(972,6985552345,2105558625,281),(973,6985556789,2105558634,42),(974,6985550123,2105558642,495),(975,6985554567,2105558651,7),(976,6985558901,2105558669,504),(977,6985558765,2105558678,123),(978,6985554321,2105558686,339),(979,6985559876,2105558695,529),(980,6985552109,2105558701,640),(981,6985556543,2105558710,410),(982,6985553210,2105558728,634),(983,6985558765,2105558737,779),(984,6985554321,2105558745,853),(985,6985559876,2105558754,110),(986,6985552109,2105558762,605),(987,6985556543,2105558771,283),(988,6985553210,2105558789,915),(989,6985557890,2105558798,890),(990,6985552345,2105558804,498),(991,6985556789,2105558813,251),(992,6985550123,2105558821,571),(993,6985554567,2105558830,664),(994,6985558901,2105558848,57),(995,6985558765,2105558857,166),(996,6985554321,2105558865,373),(997,6985559876,2105558874,304),(998,6985552109,2105558882,15),(999,6985556543,2105558891,264),(1000,6985553210,2100547321,277);
/*!40000 ALTER TABLE `telephones` ENABLE KEYS */;
UNLOCK TABLES;

--
-- Table structure for table `travel`
--

DROP TABLE IF EXISTS `travel`;
/*!40101 SET @saved_cs_client     = @@character_set_client */;
/*!50503 SET character_set_client = utf8mb4 */;
CREATE TABLE `travel` (
  `trv_id` int NOT NULL AUTO_INCREMENT,
  `trv_station` varchar(100) DEFAULT NULL,
  PRIMARY KEY (`trv_id`)
) ENGINE=InnoDB AUTO_INCREMENT=31 DEFAULT CHARSET=utf8mb3;
/*!40101 SET character_set_client = @saved_cs_client */;

--
-- Dumping data for table `travel`
--

LOCK TABLES `travel` WRITE;
/*!40000 ALTER TABLE `travel` DISABLE KEYS */;
INSERT INTO `travel` VALUES (1,'Port of Singapore, Singapore'),(2,'Port of Rotterdam, Netherlands'),(3,'Port of Tianjin, China'),(4,'Port of Guangzhou, China'),(5,'Port of Qingdao, China'),(6,'Port of Hong Kong, China'),(7,'Port of Busan, South Korea'),(8,'Port of Ningbo-Zhoushan, China'),(9,'Port of Shenzhen, China'),(10,'Port of Kaohsiung, Taiwan'),(11,'Port of Hamburg, Germany'),(12,'Port of Antwerp, Belgium'),(13,'Port of Los Angeles, USA'),(14,'Port of Long Beach, USA'),(15,'Port of New York and New Jersey, USA'),(16,'Port of Tanjung Pelepas, Malaysia'),(17,'Port of Xiamen, China'),(18,'Port of Dalian, China'),(19,'Port of Laem Chabang, Thailand'),(20,'Port of Valencia, Spain'),(21,'Port of Jebel Ali, UAE'),(22,'Port of Tokyo, Japan'),(23,'Port of Yokohama, Japan'),(24,'Port of Colombo, Sri Lanka'),(25,'Port of Santos, Brazil'),(26,'Port of Callao, Peru'),(27,'Port of Vancouver, Canada'),(28,'Port of Manzanillo, Mexico'),(29,'Port of Melbourne, Australia'),(30,'Port of Shanghai, China');
/*!40000 ALTER TABLE `travel` ENABLE KEYS */;
UNLOCK TABLES;
/*!40103 SET TIME_ZONE=@OLD_TIME_ZONE */;

/*!40101 SET SQL_MODE=@OLD_SQL_MODE */;
/*!40014 SET FOREIGN_KEY_CHECKS=@OLD_FOREIGN_KEY_CHECKS */;
/*!40014 SET UNIQUE_CHECKS=@OLD_UNIQUE_CHECKS */;
/*!40101 SET CHARACTER_SET_CLIENT=@OLD_CHARACTER_SET_CLIENT */;
/*!40101 SET CHARACTER_SET_RESULTS=@OLD_CHARACTER_SET_RESULTS */;
/*!40101 SET COLLATION_CONNECTION=@OLD_COLLATION_CONNECTION */;
/*!40111 SET SQL_NOTES=@OLD_SQL_NOTES */;

-- Dump completed on 2024-06-16 21:54:59
